39,2022-04-22,15:10:33,20,41
40,2022-04-22,15:11:33,20,41
41,2022-04-22,15:12:34,20,41
42,2022-04-22,15:13:34,20,41
43,2022-04-22,15:14:34,20,41
44,2022-04-22,15:15:34,20,41
45,2022-04-22,15:16:34,20,40
46,2022-04-22,15:17:37,20,41
47,2022-04-22,15:18:37,21,40
48,2022-04-22,15:19:42,21,40
49,2022-04-22,15:20:42,21,39
50,2022-04-22,15:21:43,21,40
51,2022-04-22,15:22:45,21,40
52,2022-04-22,15:23:45,20,41
53,2022-04-22,15:24:48,20,41
54,2022-04-22,15:25:51,20,41
55,2022-04-22,15:26:53,20,41
56,2022-04-22,15:27:53,20,41
57,2022-04-22,15:28:56,21,40
58,2022-04-22,15:29:56,21,40
59,2022-04-22,15:30:56,21,39
60,2022-04-22,15:31:57,21,39
61,2022-04-22,15:32:57,21,39
62,2022-04-22,15:33:57,21,39
63,2022-04-22,15:35:00,21,39
64,2022-04-22,15:36:00,21,39
65,2022-04-22,15:37:00,21,39
66,2022-04-22,15:38:03,21,39
67,2022-04-22,15:39:03,21,39
68,2022-04-22,15:40:06,21,39
69,2022-04-22,15:41:06,21,38
70,2022-04-22,15:42:11,21,38
71,2022-04-22,15:43:11,21,38
72,2022-04-22,15:44:11,21,37
73,2022-04-22,15:45:12,21,37
74,2022-04-22,15:46:12,21,37
75,2022-04-22,15:47:12,21,37
76,2022-04-22,15:48:12,21,36
77,2022-04-22,15:49:12,21,36
78,2022-04-22,15:50:12,21,37
79,2022-04-22,15:51:15,21,37
80,2022-04-22,15:52:15,21,36
81,2022-04-22,15:53:15,21,36
82,2022-04-22,15:54:15,21,36
83,2022-04-22,15:55:15,21,36
84,2022-04-22,15:56:18,21,35
85,2022-04-22,15:57:18,21,35
86,2022-04-22,15:58:18,21,34
87,2022-04-22,15:59:22,21,34
88,2022-04-22,16:00:25,21,34
89,2022-04-22,16:01:25,21,34
90,2022-04-22,16:02:25,21,34
91,2022-04-22,16:03:25,21,34
92,2022-04-22,16:04:25,21,33
93,2022-04-22,16:05:25,21,33
94,2022-04-22,16:06:28,21,33
95,2022-04-22,16:07:28,21,32
96,2022-04-22,16:08:29,21,32
97,2022-04-22,16:09:31,21,32
98,2022-04-22,16:10:31,21,32
99,2022-04-22,16:11:32,21,31
100,2022-04-22,16:12:32,21,31
101,2022-04-22,16:13:34,21,31
102,2022-04-22,16:14:34,21,30
103,2022-04-22,16:15:38,21,30
104,2022-04-22,16:16:38,21,30
105,2022-04-22,16:17:38,21,29
106,2022-04-22,16:18:41,21,29
107,2022-04-22,16:19:43,21,29
108,2022-04-22,16:20:43,21,28
109,2022-04-22,16:21:51,21,27
110,2022-04-22,16:22:51,21,26
111,2022-04-22,16:23:54,21,27
112,2022-04-22,16:24:54,21,27
113,2022-04-22,16:25:54,21,27
114,2022-04-22,16:26:57,21,27
115,2022-04-22,16:27:58,21,28
116,2022-04-22,16:28:58,21,28
117,2022-04-22,16:29:58,21,28
118,2022-04-22,16:30:59,21,28
119,2022-04-22,16:31:59,21,28
120,2022-04-22,16:33:02,21,28
121,2022-04-22,16:34:02,21,28
122,2022-04-22,16:35:03,21,28
123,2022-04-22,16:36:06,21,28
124,2022-04-22,16:37:08,21,28
125,2022-04-22,16:38:08,21,28
126,2022-04-22,16:39:08,21,28
127,2022-04-22,16:40:08,21,28
128,2022-04-22,16:41:16,21,27
129,2022-04-22,16:42:16,21,27
130,2022-04-22,16:43:19,21,27
131,2022-04-22,16:44:19,21,27
132,2022-04-22,16:45:19,21,27
133,2022-04-22,16:46:22,21,27
134,2022-04-22,16:47:22,21,27
135,2022-04-22,16:48:23,21,26
136,2022-04-22,16:49:23,21,26
137,2022-04-22,16:50:26,21,26
138,2022-04-22,16:51:26,21,26
139,2022-04-22,16:52:29,21,24
140,2022-04-22,16:53:29,21,24
141,2022-04-22,16:54:29,21,24
142,2022-04-22,16:55:34,21,25
143,2022-04-22,16:56:40,21,25
144,2022-04-22,16:57:45,21,24
145,2022-04-22,16:58:45,21,24
146,2022-04-22,16:59:45,21,23
147,2022-04-22,17:00:45,21,24
148,2022-04-22,17:01:45,21,24
149,2022-04-22,17:02:48,21,24
150,2022-04-22,17:03:48,21,24
151,2022-04-22,17:04:49,21,24
152,2022-04-22,17:05:49,21,24
153,2022-04-22,17:06:51,21,24
154,2022-04-22,17:07:51,21,24
155,2022-04-22,17:08:57,21,24
156,2022-04-22,17:09:57,21,23
157,2022-04-22,17:10:58,21,23
158,2022-04-22,17:11:58,21,23
159,2022-04-22,17:12:58,21,23
160,2022-04-22,17:13:58,21,23
161,2022-04-22,17:15:04,21,23
162,2022-04-22,17:16:04,21,23
163,2022-04-22,17:17:04,21,23
164,2022-04-22,17:18:04,21,24
165,2022-04-22,17:19:07,21,24
166,2022-04-22,17:20:07,21,24
167,2022-04-22,17:21:07,21,24
168,2022-04-22,17:22:08,21,24
169,2022-04-22,17:23:08,21,25
170,2022-04-22,17:24:08,21,25
171,2022-04-22,17:25:11,21,25
172,2022-04-22,17:26:14,21,26
173,2022-04-22,17:27:14,21,26
174,2022-04-22,17:28:17,21,27
175,2022-04-22,17:29:17,21,27
176,2022-04-22,17:30:17,21,28
177,2022-04-22,17:31:17,21,28
178,2022-04-22,17:32:23,21,28
179,2022-04-22,17:33:23,21,28
180,2022-04-22,17:34:24,21,28
181,2022-04-22,17:35:24,21,29
182,2022-04-22,17:36:24,21,29
183,2022-04-22,17:37:27,21,29
184,2022-04-22,17:38:27,21,29
185,2022-04-22,17:39:29,21,30
186,2022-04-22,17:40:30,21,30
187,2022-04-22,17:41:32,21,30
188,2022-04-22,17:42:32,21,30
189,2022-04-22,17:43:32,21,30
190,2022-04-22,17:44:35,21,30
191,2022-04-22,17:45:35,21,30
192,2022-04-22,17:46:38,21,30
193,2022-04-22,17:47:38,21,30
194,2022-04-22,17:48:40,21,30
195,2022-04-22,17:49:43,21,30
196,2022-04-22,17:50:46,21,30
197,2022-04-22,17:51:48,21,30
198,2022-04-22,17:52:49,21,30
199,2022-04-22,17:53:51,21,31
200,2022-04-22,17:54:51,21,31
201,2022-04-22,17:55:51,21,31
202,2022-04-22,17:56:52,21,31
203,2022-04-22,17:57:57,21,31
204,2022-04-22,17:58:57,21,31
205,2022-04-22,17:59:57,21,31
206,2022-04-22,18:01:00,21,31
207,2022-04-22,18:02:03,21,31
208,2022-04-22,18:03:08,21,31
209,2022-04-22,18:04:11,21,31
210,2022-04-22,18:05:11,21,31
211,2022-04-22,18:06:14,21,31
212,2022-04-22,18:07:16,21,31
213,2022-04-22,18:08:19,21,31
214,2022-04-22,18:09:19,21,32
215,2022-04-22,18:10:19,21,32
216,2022-04-22,18:11:22,21,32
217,2022-04-22,18:12:22,21,32
218,2022-04-22,18:13:22,21,32
219,2022-04-22,18:14:22,21,32
220,2022-04-22,18:15:22,21,32
221,2022-04-22,18:16:23,21,31
222,2022-04-22,18:17:23,21,31
223,2022-04-22,18:18:23,21,31
224,2022-04-22,18:19:26,21,31
225,2022-04-22,18:20:26,21,31
226,2022-04-22,18:21:26,21,31
227,2022-04-22,18:22:29,21,31
228,2022-04-22,18:23:29,21,31
229,2022-04-22,18:24:29,21,32
230,2022-04-22,18:25:29,21,32
231,2022-04-22,18:26:29,21,33
232,2022-04-22,18:27:32,21,33
233,2022-04-22,18:28:32,21,33
234,2022-04-22,18:29:35,21,33
235,2022-04-22,18:30:37,21,33
236,2022-04-22,18:31:38,21,33
237,2022-04-22,18:32:38,21,33
238,2022-04-22,18:33:38,21,33
239,2022-04-22,18:34:38,21,34
240,2022-04-22,18:35:38,21,34
241,2022-04-22,18:36:41,21,33
242,2022-04-22,18:37:41,21,33
243,2022-04-22,18:38:41,21,34
244,2022-04-22,18:39:41,21,34
245,2022-04-22,18:40:41,20,35
246,2022-04-22,18:41:41,20,35
247,2022-04-22,18:42:42,20,35
248,2022-04-22,18:43:42,20,35
249,2022-04-22,18:44:44,20,35
250,2022-04-22,18:45:44,20,35
251,2022-04-22,18:46:45,20,35
252,2022-04-22,18:47:45,20,35
253,2022-04-22,18:48:45,20,36
254,2022-04-22,18:49:45,20,36
255,2022-04-22,18:50:45,20,36
256,2022-04-22,18:51:48,20,37
257,2022-04-22,18:52:48,20,37
258,2022-04-22,18:53:48,20,37
259,2022-04-22,18:54:48,20,38
260,2022-04-22,18:55:48,20,38
261,2022-04-22,18:56:51,20,39
262,2022-04-22,18:57:51,20,39
263,2022-04-22,18:58:51,20,40
264,2022-04-22,18:59:54,20,42
265,2022-04-22,19:00:54,20,43
266,2022-04-22,19:01:54,20,44
267,2022-04-22,19:02:54,20,45
268,2022-04-22,19:03:55,20,45
269,2022-04-22,19:04:55,20,45
270,2022-04-22,19:05:55,20,46
271,2022-04-22,19:06:55,20,46
272,2022-04-22,19:07:55,20,47
273,2022-04-22,19:08:58,20,47
274,2022-04-22,19:10:01,20,47
275,2022-04-22,19:11:01,20,48
276,2022-04-22,19:12:01,20,48
277,2022-04-22,19:13:06,20,49
278,2022-04-22,19:14:11,20,49
279,2022-04-22,19:15:14,20,49
280,2022-04-22,19:16:14,20,49
281,2022-04-22,19:17:14,20,49
282,2022-04-22,19:18:14,20,49
283,2022-04-22,19:19:14,20,48
284,2022-04-22,19:20:17,20,48
285,2022-04-22,19:21:25,20,48
286,2022-04-22,19:22:25,20,48
287,2022-04-22,19:23:25,20,48
288,2022-04-22,19:24:25,20,49
289,2022-04-22,19:25:25,20,49
290,2022-04-22,19:26:25,20,49
291,2022-04-22,19:27:28,20,49
292,2022-04-22,19:28:28,20,49
293,2022-04-22,19:29:31,20,49
294,2022-04-22,19:30:31,20,49
295,2022-04-22,19:31:31,20,49
296,2022-04-22,19:32:31,20,49
297,2022-04-22,19:33:31,19,48
298,2022-04-22,19:34:34,19,48
299,2022-04-22,19:35:39,19,48
300,2022-04-22,19:36:39,19,48
301,2022-04-22,19:37:39,19,48
302,2022-04-22,19:38:42,19,48
303,2022-04-22,19:39:45,19,48
304,2022-04-22,19:40:45,19,47
305,2022-04-22,19:41:45,19,47
306,2022-04-22,19:42:48,19,46
307,2022-04-22,19:43:48,19,46
308,2022-04-22,19:44:48,19,45
309,2022-04-22,19:45:48,19,45
310,2022-04-22,19:46:49,19,45
311,2022-04-22,19:47:54,19,45
312,2022-04-22,19:48:54,20,44
313,2022-04-22,19:49:54,20,44
314,2022-04-22,19:50:57,20,44
315,2022-04-22,19:51:59,19,44
316,2022-04-22,19:53:00,19,43
317,2022-04-22,19:54:00,19,40
318,2022-04-22,19:55:00,20,40
319,2022-04-22,19:56:00,20,40
320,2022-04-22,19:57:03,20,40
321,2022-04-22,19:58:03,20,40
322,2022-04-22,19:59:11,20,40
323,2022-04-22,20:00:14,20,39
324,2022-04-22,20:01:16,20,38
325,2022-04-22,20:02:19,20,38
326,2022-04-22,20:03:24,20,40
327,2022-04-22,20:04:24,20,40
328,2022-04-22,20:05:24,20,40
329,2022-04-22,20:06:27,20,41
330,2022-04-22,20:07:27,20,41
331,2022-04-22,20:08:27,20,40
332,2022-04-22,20:09:27,20,40
333,2022-04-22,20:10:30,20,40
334,2022-04-22,20:11:30,20,40
335,2022-04-22,20:12:30,20,40
336,2022-04-22,20:13:38,20,40
337,2022-04-22,20:14:38,20,40
338,2022-04-22,20:15:41,20,40
339,2022-04-22,20:16:43,20,40
340,2022-04-22,20:17:44,20,40
341,2022-04-22,20:18:44,20,40
342,2022-04-22,20:19:44,20,40
343,2022-04-22,20:20:47,20,40
344,2022-04-22,20:21:47,20,40
345,2022-04-22,20:22:52,20,40
346,2022-04-22,20:23:52,20,40
347,2022-04-22,20:24:55,20,40
348,2022-04-22,20:25:55,20,40
349,2022-04-22,20:26:55,20,40
350,2022-04-22,20:27:55,20,40
351,2022-04-22,20:28:58,20,40
352,2022-04-22,20:29:58,20,40
353,2022-04-22,20:31:01,20,40
354,2022-04-22,20:32:06,20,40
355,2022-04-22,20:33:06,20,40
356,2022-04-22,20:34:06,20,40
357,2022-04-22,20:35:07,20,40
358,2022-04-22,20:36:07,20,40
359,2022-04-22,20:37:07,20,41
360,2022-04-22,20:38:10,20,41
361,2022-04-22,20:39:10,20,41
362,2022-04-22,20:40:10,20,42
363,2022-04-22,20:41:12,20,43
364,2022-04-22,20:42:12,20,43
365,2022-04-22,20:43:13,20,43
366,2022-04-22,20:44:13,20,43
367,2022-04-22,20:45:18,20,43
368,2022-04-22,20:46:18,20,43
369,2022-04-22,20:47:23,20,43
370,2022-04-22,20:48:23,20,43
371,2022-04-22,20:49:26,20,43
372,2022-04-22,20:50:26,20,43
373,2022-04-22,20:51:29,20,43
374,2022-04-22,20:52:29,20,43
375,2022-04-22,20:53:32,20,43
376,2022-04-22,20:54:34,20,43
377,2022-04-22,20:55:34,20,43
378,2022-04-22,20:56:34,20,43
379,2022-04-22,20:57:35,20,42
380,2022-04-22,20:58:35,20,42
381,2022-04-22,20:59:35,20,41
382,2022-04-22,21:00:40,20,41
383,2022-04-22,21:01:41,20,41
384,2022-04-22,21:02:41,20,41
385,2022-04-22,21:03:41,20,41
386,2022-04-22,21:04:46,20,41
387,2022-04-22,21:05:49,20,41
388,2022-04-22,21:06:49,20,41
389,2022-04-22,21:07:49,20,41
390,2022-04-22,21:08:54,20,41
391,2022-04-22,21:09:54,20,41
392,2022-04-22,21:10:54,20,41
393,2022-04-22,21:11:54,20,41
394,2022-04-22,21:13:02,20,41
395,2022-04-22,21:14:02,20,41
396,2022-04-22,21:15:02,20,41
397,2022-04-22,21:16:05,20,41
398,2022-04-22,21:17:08,20,41
399,2022-04-22,21:18:08,20,41
400,2022-04-22,21:19:09,20,41
401,2022-04-22,21:20:09,20,41
402,2022-04-22,21:21:09,20,41
403,2022-04-22,21:22:09,20,42
404,2022-04-22,21:23:09,20,42
405,2022-04-22,21:24:12,20,43
406,2022-04-22,21:25:12,20,43
407,2022-04-22,21:26:15,20,43
408,2022-04-22,21:27:15,20,43
409,2022-04-22,21:28:17,20,43
410,2022-04-22,21:29:17,20,43
411,2022-04-22,21:30:20,20,43
412,2022-04-22,21:31:23,20,44
413,2022-04-22,21:32:28,20,44
414,2022-04-22,21:33:31,20,44
415,2022-04-22,21:34:33,20,44
416,2022-04-22,21:35:33,20,44
417,2022-04-22,21:36:33,20,44
418,2022-04-22,21:37:34,20,44
419,2022-04-22,21:38:36,20,44
420,2022-04-22,21:39:36,20,44
421,2022-04-22,21:40:42,20,44
422,2022-04-22,21:41:42,20,44
423,2022-04-22,21:42:42,20,44
424,2022-04-22,21:43:42,20,44
425,2022-04-22,21:44:45,20,44
426,2022-04-22,21:45:45,20,44
427,2022-04-22,21:46:45,20,43
428,2022-04-22,21:47:45,20,43
429,2022-04-22,21:48:45,20,41
430,2022-04-22,21:49:46,20,41
431,2022-04-22,21:50:46,20,41
432,2022-04-22,21:51:51,20,42
433,2022-04-22,21:52:51,20,42
434,2022-04-22,21:53:51,20,43
435,2022-04-22,21:54:51,20,43
436,2022-04-22,21:55:54,20,44
437,2022-04-22,21:56:54,20,44
438,2022-04-22,21:57:54,20,44
439,2022-04-22,21:58:54,20,44
440,2022-04-22,21:59:54,20,44
441,2022-04-22,22:00:57,20,45
442,2022-04-22,22:02:02,20,45
443,2022-04-22,22:03:02,20,45
444,2022-04-22,22:04:03,20,45
445,2022-04-22,22:05:03,20,45
446,2022-04-22,22:06:03,20,45
447,2022-04-22,22:07:03,20,45
448,2022-04-22,22:08:03,20,45
449,2022-04-22,22:09:04,20,45
450,2022-04-22,22:10:04,20,45
451,2022-04-22,22:11:07,20,45
452,2022-04-22,22:12:07,20,45
453,2022-04-22,22:13:07,20,45
454,2022-04-22,22:14:07,20,45
455,2022-04-22,22:15:07,20,45
456,2022-04-22,22:16:07,20,45
457,2022-04-22,22:17:08,20,45
458,2022-04-22,22:18:08,20,45
459,2022-04-22,22:19:08,20,45
460,2022-04-22,22:20:08,20,45
461,2022-04-22,22:21:08,20,45
462,2022-04-22,22:22:08,20,45
463,2022-04-22,22:23:09,20,45
464,2022-04-22,22:24:11,20,45
465,2022-04-22,22:25:14,20,45
466,2022-04-22,22:26:14,20,45
467,2022-04-22,22:27:15,20,45
468,2022-04-22,22:28:22,20,45
469,2022-04-22,22:29:27,20,45
470,2022-04-22,22:30:27,20,45
471,2022-04-22,22:31:27,20,45
472,2022-04-22,22:32:33,20,44
473,2022-04-22,22:33:35,20,44
474,2022-04-22,22:34:38,20,45
475,2022-04-22,22:35:38,20,45
476,2022-04-22,22:36:38,20,45
477,2022-04-22,22:37:38,20,45
478,2022-04-22,22:38:38,20,45
479,2022-04-22,22:39:41,20,45
480,2022-04-22,22:40:41,20,45
481,2022-04-22,22:41:41,20,45
482,2022-04-22,22:42:41,20,45
483,2022-04-22,22:43:41,20,45
484,2022-04-22,22:44:42,20,45
485,2022-04-22,22:45:42,20,45
486,2022-04-22,22:46:44,20,45
487,2022-04-22,22:47:45,20,45
488,2022-04-22,22:48:47,20,46
489,2022-04-22,22:49:47,20,46
490,2022-04-22,22:50:47,20,46
491,2022-04-22,22:51:47,20,46
492,2022-04-22,22:52:48,20,46
493,2022-04-22,22:53:50,20,46
494,2022-04-22,22:54:50,20,46
495,2022-04-22,22:55:50,20,46
496,2022-04-22,22:56:51,20,46
497,2022-04-22,22:57:51,20,46
498,2022-04-22,22:58:51,20,46
499,2022-04-22,22:59:52,20,46
500,2022-04-22,23:00:54,20,46
501,2022-04-22,23:01:57,20,46
502,2022-04-22,23:02:57,20,46
503,2022-04-22,23:03:57,20,46
504,2022-04-22,23:04:57,20,46
505,2022-04-22,23:06:00,20,46
506,2022-04-22,23:07:02,20,46
507,2022-04-22,23:08:05,20,46
508,2022-04-22,23:09:05,19,46
509,2022-04-22,23:10:08,19,46
510,2022-04-22,23:11:08,19,46
511,2022-04-22,23:12:08,19,46
512,2022-04-22,23:13:09,19,46
513,2022-04-22,23:14:09,19,46
514,2022-04-22,23:15:09,19,46
515,2022-04-22,23:16:09,19,46
516,2022-04-22,23:17:14,19,46
517,2022-04-22,23:18:14,19,46
518,2022-04-22,23:19:14,19,46
519,2022-04-22,23:20:15,19,46
520,2022-04-22,23:21:15,19,46
521,2022-04-22,23:22:15,19,47
522,2022-04-22,23:23:15,19,47
523,2022-04-22,23:24:15,19,47
524,2022-04-22,23:25:23,19,47
525,2022-04-22,23:26:23,19,47
526,2022-04-22,23:27:25,19,47
527,2022-04-22,23:28:26,19,47
528,2022-04-22,23:29:28,19,47
529,2022-04-22,23:30:29,19,47
530,2022-04-22,23:31:39,19,47
531,2022-04-22,23:32:39,19,47
532,2022-04-22,23:33:42,19,47
533,2022-04-22,23:34:42,19,47
534,2022-04-22,23:35:42,19,47
535,2022-04-22,23:36:42,19,47
536,2022-04-22,23:37:42,19,47
537,2022-04-22,23:38:45,19,47
538,2022-04-22,23:39:45,19,47
539,2022-04-22,23:40:46,19,47
540,2022-04-22,23:41:46,19,47
541,2022-04-22,23:42:49,19,47
542,2022-04-22,23:43:49,19,47
543,2022-04-22,23:44:49,19,47
544,2022-04-22,23:45:49,19,47
545,2022-04-22,23:46:49,19,47
546,2022-04-22,23:47:49,19,46
547,2022-04-22,23:48:52,19,46
548,2022-04-22,23:49:57,19,46
549,2022-04-22,23:50:57,19,46
550,2022-04-22,23:51:57,19,46
551,2022-04-22,23:52:58,19,46
552,2022-04-22,23:53:58,19,46
553,2022-04-22,23:54:58,19,46
554,2022-04-22,23:55:58,19,46
555,2022-04-22,23:56:58,19,46
556,2022-04-22,23:57:59,19,46
557,2022-04-22,23:58:59,19,46
558,2022-04-22,23:59:59,19,46
559,2022-04-23,00:00:59,19,46
560,2022-04-23,00:02:02,19,46
561,2022-04-23,00:03:02,19,46
562,2022-04-23,00:04:02,19,46
563,2022-04-23,00:05:02,19,46
564,2022-04-23,00:06:03,19,46
565,2022-04-23,00:07:03,19,46
566,2022-04-23,00:08:03,19,46
567,2022-04-23,00:09:03,19,46
568,2022-04-23,00:10:06,19,46
569,2022-04-23,00:11:06,19,46
570,2022-04-23,00:12:06,19,46
571,2022-04-23,00:13:12,19,46
572,2022-04-23,00:14:17,19,46
573,2022-04-23,00:15:17,19,46
574,2022-04-23,00:16:17,19,45
575,2022-04-23,00:17:17,19,45
576,2022-04-23,00:18:17,19,45
577,2022-04-23,00:19:17,19,45
578,2022-04-23,00:20:20,19,45
579,2022-04-23,00:21:20,19,45
580,2022-04-23,00:22:20,19,45
581,2022-04-23,00:23:21,19,45
582,2022-04-23,00:24:24,19,45
583,2022-04-23,00:25:24,19,45
584,2022-04-23,00:26:24,19,45
585,2022-04-23,00:27:25,19,45
586,2022-04-23,00:28:28,19,45
587,2022-04-23,00:29:28,19,45
588,2022-04-23,00:30:33,19,45
589,2022-04-23,00:31:33,19,45
590,2022-04-23,00:32:34,19,45
591,2022-04-23,00:33:36,19,45
592,2022-04-23,00:34:37,19,45
593,2022-04-23,00:35:39,19,45
594,2022-04-23,00:36:39,19,45
595,2022-04-23,00:37:42,19,45
596,2022-04-23,00:38:42,19,45
597,2022-04-23,00:39:42,19,45
598,2022-04-23,00:40:42,19,45
599,2022-04-23,00:41:43,19,45
600,2022-04-23,00:42:46,19,45
601,2022-04-23,00:43:49,19,45
602,2022-04-23,00:44:51,19,45
603,2022-04-23,00:45:52,19,45
604,2022-04-23,00:46:52,19,45
605,2022-04-23,00:47:52,19,45
606,2022-04-23,00:48:52,19,45
607,2022-04-23,00:49:55,19,45
608,2022-04-23,00:50:55,19,45
609,2022-04-23,00:51:56,19,45
610,2022-04-23,00:52:56,19,45
611,2022-04-23,00:54:01,19,45
612,2022-04-23,00:55:01,19,45
613,2022-04-23,00:56:04,19,45
614,2022-04-23,00:57:04,19,45
615,2022-04-23,00:58:09,19,45
616,2022-04-23,00:59:09,19,45
617,2022-04-23,01:00:09,19,45
618,2022-04-23,01:01:09,19,45
619,2022-04-23,01:02:10,19,45
620,2022-04-23,01:03:10,19,45
621,2022-04-23,01:04:10,19,46
622,2022-04-23,01:05:11,19,46
623,2022-04-23,01:06:16,19,46
624,2022-04-23,01:07:16,19,46
625,2022-04-23,01:08:22,19,46
626,2022-04-23,01:09:22,19,46
627,2022-04-23,01:10:22,19,46
628,2022-04-23,01:11:23,19,46
629,2022-04-23,01:12:27,19,46
630,2022-04-23,01:13:27,19,46
631,2022-04-23,01:14:28,19,46
632,2022-04-23,01:15:28,19,46
633,2022-04-23,01:16:28,19,46
634,2022-04-23,01:17:29,19,46
635,2022-04-23,01:18:29,19,46
636,2022-04-23,01:19:30,19,46
637,2022-04-23,01:20:30,19,46
638,2022-04-23,01:21:33,19,46
639,2022-04-23,01:22:33,19,46
640,2022-04-23,01:23:33,19,45
641,2022-04-23,01:24:34,19,45
642,2022-04-23,01:25:34,19,45
643,2022-04-23,01:26:34,19,45
644,2022-04-23,01:27:34,19,45
645,2022-04-23,01:28:35,19,45
646,2022-04-23,01:29:35,19,45
647,2022-04-23,01:30:35,19,45
648,2022-04-23,01:31:35,19,45
649,2022-04-23,01:32:36,19,45
650,2022-04-23,01:33:37,19,45
651,2022-04-23,01:34:37,19,45
652,2022-04-23,01:35:37,19,45
653,2022-04-23,01:36:38,19,45
654,2022-04-23,01:37:38,19,45
655,2022-04-23,01:38:38,19,45
656,2022-04-23,01:39:38,19,45
657,2022-04-23,01:40:41,19,45
658,2022-04-23,01:41:41,19,45
659,2022-04-23,01:42:44,19,45
660,2022-04-23,01:43:52,19,45
661,2022-04-23,01:44:52,19,45
662,2022-04-23,01:45:52,19,45
663,2022-04-23,01:46:53,19,45
664,2022-04-23,01:47:56,19,45
665,2022-04-23,01:48:59,19,45
666,2022-04-23,01:50:02,19,45
667,2022-04-23,01:51:02,19,45
668,2022-04-23,01:52:02,19,45
669,2022-04-23,01:53:03,19,45
670,2022-04-23,01:54:03,19,45
671,2022-04-23,01:55:04,19,45
672,2022-04-23,01:56:04,19,45
673,2022-04-23,01:57:07,19,45
674,2022-04-23,01:58:15,19,45
675,2022-04-23,01:59:18,19,45
676,2022-04-23,02:00:18,19,45
677,2022-04-23,02:01:21,19,45
678,2022-04-23,02:02:21,19,45
679,2022-04-23,02:03:23,19,45
680,2022-04-23,02:04:24,19,45
681,2022-04-23,02:05:24,19,45
682,2022-04-23,02:06:27,19,45
683,2022-04-23,02:07:29,19,45
684,2022-04-23,02:08:29,19,45
685,2022-04-23,02:09:30,19,45
686,2022-04-23,02:10:30,19,45
687,2022-04-23,02:11:35,19,45
688,2022-04-23,02:12:38,19,45
689,2022-04-23,02:13:38,19,45
690,2022-04-23,02:14:38,19,45
691,2022-04-23,02:15:38,19,46
692,2022-04-23,02:16:42,19,46
693,2022-04-23,02:17:42,19,46
694,2022-04-23,02:18:42,19,46
695,2022-04-23,02:19:43,19,46
696,2022-04-23,02:20:46,19,45
697,2022-04-23,02:21:47,19,45
698,2022-04-23,02:22:47,19,45
699,2022-04-23,02:23:47,19,45
700,2022-04-23,02:24:47,19,45
701,2022-04-23,02:25:48,19,46
702,2022-04-23,02:26:48,19,46
703,2022-04-23,02:27:48,19,46
704,2022-04-23,02:28:48,19,46
705,2022-04-23,02:29:51,19,46
706,2022-04-23,02:30:51,19,46
707,2022-04-23,02:31:51,19,46
708,2022-04-23,02:32:54,19,46
709,2022-04-23,02:33:55,19,46
710,2022-04-23,02:35:00,19,46
711,2022-04-23,02:36:00,19,47
712,2022-04-23,02:37:00,19,47
713,2022-04-23,02:38:03,19,47
714,2022-04-23,02:39:03,19,47
715,2022-04-23,02:40:03,19,47
716,2022-04-23,02:41:08,19,47
717,2022-04-23,02:42:08,19,47
718,2022-04-23,02:43:09,19,47
719,2022-04-23,02:44:09,19,47
720,2022-04-23,02:45:09,19,47
721,2022-04-23,02:46:09,19,48
722,2022-04-23,02:47:12,19,48
723,2022-04-23,02:48:12,19,48
724,2022-04-23,02:49:12,19,48
725,2022-04-23,02:50:13,19,48
726,2022-04-23,02:51:13,19,48
727,2022-04-23,02:52:13,19,48
728,2022-04-23,02:53:16,19,48
729,2022-04-23,02:54:16,19,48
730,2022-04-23,02:55:16,19,48
731,2022-04-23,02:56:16,19,48
732,2022-04-23,02:57:19,19,48
733,2022-04-23,02:58:22,19,48
734,2022-04-23,02:59:22,19,48
735,2022-04-23,03:00:22,19,49
736,2022-04-23,03:01:23,19,49
737,2022-04-23,03:02:23,19,49
738,2022-04-23,03:03:23,19,49
739,2022-04-23,03:04:24,19,49
740,2022-04-23,03:05:24,19,49
741,2022-04-23,03:06:24,19,49
742,2022-04-23,03:07:27,19,49
743,2022-04-23,03:08:30,19,49
744,2022-04-23,03:09:30,19,49
745,2022-04-23,03:10:33,19,49
746,2022-04-23,03:11:33,19,49
747,2022-04-23,03:12:33,19,49
748,2022-04-23,03:13:33,19,49
749,2022-04-23,03:14:34,19,50
750,2022-04-23,03:15:34,19,50
751,2022-04-23,03:16:34,19,50
752,2022-04-23,03:17:35,19,50
753,2022-04-23,03:18:35,19,50
754,2022-04-23,03:19:35,19,50
755,2022-04-23,03:20:35,19,50
756,2022-04-23,03:21:35,19,50
757,2022-04-23,03:22:36,19,50
758,2022-04-23,03:23:36,19,50
759,2022-04-23,03:24:36,19,50
760,2022-04-23,03:25:37,19,50
761,2022-04-23,03:26:37,19,50
762,2022-04-23,03:27:37,19,50
763,2022-04-23,03:28:40,19,50
764,2022-04-23,03:29:40,19,50
765,2022-04-23,03:30:43,19,50
766,2022-04-23,03:31:43,19,50
767,2022-04-23,03:32:46,19,50
768,2022-04-23,03:33:46,19,50
769,2022-04-23,03:34:46,19,50
770,2022-04-23,03:35:46,19,50
771,2022-04-23,03:36:47,19,50
772,2022-04-23,03:37:52,19,50
773,2022-04-23,03:38:54,19,50
774,2022-04-23,03:39:55,19,50
775,2022-04-23,03:40:57,19,51
776,2022-04-23,03:41:57,19,51
777,2022-04-23,03:42:58,19,51
778,2022-04-23,03:43:58,19,52
779,2022-04-23,03:44:58,19,52
780,2022-04-23,03:46:01,19,52
781,2022-04-23,03:47:01,19,53
782,2022-04-23,03:48:04,19,53
783,2022-04-23,03:49:07,19,54
784,2022-04-23,03:50:12,19,54
785,2022-04-23,03:51:12,19,54
786,2022-04-23,03:52:12,19,54
787,2022-04-23,03:53:12,19,54
788,2022-04-23,03:54:12,19,54
789,2022-04-23,03:55:13,19,54
790,2022-04-23,03:56:15,19,54
791,2022-04-23,03:57:15,19,54
792,2022-04-23,03:58:18,19,54
793,2022-04-23,03:59:18,19,53
794,2022-04-23,04:00:21,19,54
795,2022-04-23,04:01:26,19,54
796,2022-04-23,04:02:26,19,54
797,2022-04-23,04:03:26,19,54
798,2022-04-23,04:04:29,19,54
799,2022-04-23,04:05:29,19,55
800,2022-04-23,04:06:31,19,55
801,2022-04-23,04:07:32,19,55
802,2022-04-23,04:08:32,19,55
803,2022-04-23,04:09:34,19,55
804,2022-04-23,04:10:35,19,55
805,2022-04-23,04:11:37,19,55
806,2022-04-23,04:12:38,19,55
807,2022-04-23,04:13:38,19,55
808,2022-04-23,04:14:40,19,55
809,2022-04-23,04:15:43,19,55
810,2022-04-23,04:16:43,19,55
811,2022-04-23,04:17:43,19,55
812,2022-04-23,04:18:46,19,55
813,2022-04-23,04:19:46,19,55
814,2022-04-23,04:20:46,19,55
815,2022-04-23,04:21:49,19,55
816,2022-04-23,04:22:49,19,55
817,2022-04-23,04:23:49,19,55
818,2022-04-23,04:24:52,19,55
819,2022-04-23,04:25:52,19,55
820,2022-04-23,04:26:55,19,55
821,2022-04-23,04:27:55,19,55
822,2022-04-23,04:28:55,19,55
823,2022-04-23,04:29:55,19,55
824,2022-04-23,04:30:55,19,55
825,2022-04-23,04:31:58,19,55
826,2022-04-23,04:32:58,19,55
827,2022-04-23,04:33:58,19,55
828,2022-04-23,04:35:03,19,54
829,2022-04-23,04:36:04,19,54
830,2022-04-23,04:37:04,19,54
831,2022-04-23,04:38:07,19,54
832,2022-04-23,04:39:07,19,54
833,2022-04-23,04:40:10,19,54
834,2022-04-23,04:41:10,19,54
835,2022-04-23,04:42:13,19,54
836,2022-04-23,04:43:14,19,54
837,2022-04-23,04:44:14,19,54
838,2022-04-23,04:45:14,19,54
839,2022-04-23,04:46:19,19,54
840,2022-04-23,04:47:20,19,54
841,2022-04-23,04:48:20,19,54
842,2022-04-23,04:49:20,19,55
843,2022-04-23,04:50:22,19,54
844,2022-04-23,04:51:23,19,55
845,2022-04-23,04:52:26,19,55
846,2022-04-23,04:53:28,19,55
847,2022-04-23,04:54:28,19,55
848,2022-04-23,04:55:29,19,55
849,2022-04-23,04:56:29,19,55
850,2022-04-23,04:57:29,19,55
851,2022-04-23,04:58:29,19,55
852,2022-04-23,04:59:30,19,55
853,2022-04-23,05:00:32,19,55
854,2022-04-23,05:01:33,19,55
855,2022-04-23,05:02:35,19,55
856,2022-04-23,05:03:36,19,55
857,2022-04-23,05:04:38,19,55
858,2022-04-23,05:05:39,19,55
859,2022-04-23,05:06:41,19,55
860,2022-04-23,05:07:44,19,55
861,2022-04-23,05:08:44,19,55
862,2022-04-23,05:09:47,19,55
863,2022-04-23,05:10:47,19,55
864,2022-04-23,05:11:50,19,55
865,2022-04-23,05:12:50,19,55
866,2022-04-23,05:13:50,19,55
867,2022-04-23,05:14:53,19,55
868,2022-04-23,05:15:55,19,55
869,2022-04-23,05:16:55,19,55
870,2022-04-23,05:17:55,19,55
871,2022-04-23,05:18:58,19,55
872,2022-04-23,05:20:01,19,55
873,2022-04-23,05:21:01,19,55
874,2022-04-23,05:22:01,19,55
875,2022-04-23,05:23:06,19,55
876,2022-04-23,05:24:07,19,55
877,2022-04-23,05:25:07,19,55
878,2022-04-23,05:26:07,19,55
879,2022-04-23,05:27:07,19,55
880,2022-04-23,05:28:07,19,55
881,2022-04-23,05:29:10,19,55
882,2022-04-23,05:30:10,19,54
883,2022-04-23,05:31:10,19,55
884,2022-04-23,05:32:11,19,55
885,2022-04-23,05:33:11,19,55
886,2022-04-23,05:34:11,19,55
887,2022-04-23,05:35:11,19,55
888,2022-04-23,05:36:16,19,55
889,2022-04-23,05:37:22,19,55
890,2022-04-23,05:38:22,19,55
891,2022-04-23,05:39:22,19,55
892,2022-04-23,05:40:22,19,55
893,2022-04-23,05:41:25,19,55
894,2022-04-23,05:42:25,19,54
895,2022-04-23,05:43:25,19,54
896,2022-04-23,05:44:31,19,54
897,2022-04-23,05:45:31,19,54
898,2022-04-23,05:46:31,19,54
899,2022-04-23,05:47:31,19,54
900,2022-04-23,05:48:31,19,54
901,2022-04-23,05:49:32,19,54
902,2022-04-23,05:50:32,19,54
903,2022-04-23,05:51:32,19,54
904,2022-04-23,05:52:35,19,54
905,2022-04-23,05:53:40,19,54
906,2022-04-23,05:54:40,19,54
907,2022-04-23,05:55:40,19,54
908,2022-04-23,05:56:43,19,54
909,2022-04-23,05:57:46,19,54
910,2022-04-23,05:58:46,19,54
911,2022-04-23,05:59:46,19,54
912,2022-04-23,06:00:47,19,54
913,2022-04-23,06:01:47,19,53
914,2022-04-23,06:02:48,19,53
915,2022-04-23,06:03:48,19,53
916,2022-04-23,06:04:48,19,53
917,2022-04-23,06:05:49,19,52
918,2022-04-23,06:06:49,19,52
919,2022-04-23,06:07:49,19,52
920,2022-04-23,06:08:51,19,51
921,2022-04-23,06:09:52,18,51
922,2022-04-23,06:10:52,18,51
923,2022-04-23,06:11:55,18,51
924,2022-04-23,06:12:56,18,51
925,2022-04-23,06:13:56,18,51
926,2022-04-23,06:14:56,18,51
927,2022-04-23,06:15:59,18,50
928,2022-04-23,06:17:01,18,50
929,2022-04-23,06:18:01,18,50
930,2022-04-23,06:19:02,18,50
931,2022-04-23,06:20:02,18,50
932,2022-04-23,06:21:03,18,50
933,2022-04-23,06:22:05,18,50
934,2022-04-23,06:23:06,18,50
935,2022-04-23,06:24:06,18,50
936,2022-04-23,06:25:06,18,50
937,2022-04-23,06:26:07,18,50
938,2022-04-23,06:27:07,18,50
939,2022-04-23,06:28:07,18,50
940,2022-04-23,06:29:07,18,50
941,2022-04-23,06:30:07,18,50
942,2022-04-23,06:31:07,18,50
943,2022-04-23,06:32:07,18,50
944,2022-04-23,06:33:07,18,50
945,2022-04-23,06:34:08,18,50
946,2022-04-23,06:35:08,18,50
947,2022-04-23,06:36:08,18,50
948,2022-04-23,06:37:13,18,50
949,2022-04-23,06:38:13,18,50
950,2022-04-23,06:39:13,18,50
951,2022-04-23,06:40:14,18,50
952,2022-04-23,06:41:16,18,50
953,2022-04-23,06:42:16,18,50
954,2022-04-23,06:43:16,18,50
955,2022-04-23,06:44:17,18,50
956,2022-04-23,06:45:17,18,50
957,2022-04-23,06:46:22,18,50
958,2022-04-23,06:47:22,18,50
959,2022-04-23,06:48:22,18,50
960,2022-04-23,06:49:22,18,50
961,2022-04-23,06:50:25,18,50
962,2022-04-23,06:51:25,18,50
963,2022-04-23,06:52:25,18,50
964,2022-04-23,06:53:31,18,50
965,2022-04-23,06:54:33,18,50
966,2022-04-23,06:55:33,18,50
967,2022-04-23,06:56:34,18,50
968,2022-04-23,06:57:36,18,49
969,2022-04-23,06:58:36,18,49
970,2022-04-23,06:59:36,18,49
971,2022-04-23,07:00:39,18,49
972,2022-04-23,07:01:39,18,49
973,2022-04-23,07:02:42,18,49
974,2022-04-23,07:03:42,18,49
975,2022-04-23,07:04:45,18,49
976,2022-04-23,07:05:45,18,49
977,2022-04-23,07:06:45,18,49
978,2022-04-23,07:07:48,18,49
979,2022-04-23,07:08:48,18,49
980,2022-04-23,07:09:51,18,49
981,2022-04-23,07:10:51,18,49
982,2022-04-23,07:11:51,18,49
983,2022-04-23,07:12:53,18,50
984,2022-04-23,07:13:54,18,49
985,2022-04-23,07:14:56,18,49
986,2022-04-23,07:15:59,18,49
987,2022-04-23,07:16:59,18,49
988,2022-04-23,07:18:02,18,49
989,2022-04-23,07:19:05,18,49
990,2022-04-23,07:20:07,18,49
991,2022-04-23,07:21:08,18,49
992,2022-04-23,07:22:10,18,49
993,2022-04-23,07:23:16,18,49
994,2022-04-23,07:24:21,18,49
995,2022-04-23,07:25:21,18,48
996,2022-04-23,07:26:21,18,48
997,2022-04-23,07:27:22,18,48
998,2022-04-23,07:28:22,18,48
999,2022-04-23,07:29:22,18,48
1000,2022-04-23,07:30:25,18,48
1001,2022-04-23,07:31:25,18,48
1002,2022-04-23,07:32:25,18,48
1003,2022-04-23,07:33:25,18,48
1004,2022-04-23,07:34:25,18,48
1005,2022-04-23,07:35:30,18,48
1006,2022-04-23,07:36:30,18,48
1007,2022-04-23,07:37:33,18,48
1008,2022-04-23,07:38:36,18,48
1009,2022-04-23,07:39:36,18,48
1010,2022-04-23,07:40:36,18,48
1011,2022-04-23,07:41:39,18,48
1012,2022-04-23,07:42:39,18,48
1013,2022-04-23,07:43:39,18,48
1014,2022-04-23,07:44:42,18,48
1015,2022-04-23,07:45:42,18,48
1016,2022-04-23,07:46:42,18,48
1017,2022-04-23,07:47:42,18,48
1018,2022-04-23,07:48:43,18,48
1019,2022-04-23,07:49:43,18,48
1020,2022-04-23,07:50:46,18,48
1021,2022-04-23,07:51:46,18,48
1022,2022-04-23,07:52:48,18,48
1023,2022-04-23,07:53:49,18,48
1024,2022-04-23,07:54:49,18,48
1025,2022-04-23,07:55:49,18,48
1026,2022-04-23,07:56:49,18,48
1027,2022-04-23,07:57:51,18,48
1028,2022-04-23,07:58:52,18,48
1029,2022-04-23,07:59:52,18,48
1030,2022-04-23,08:00:52,18,48
1031,2022-04-23,08:01:55,18,48
1032,2022-04-23,08:02:55,18,48
1033,2022-04-23,08:03:58,18,48
1034,2022-04-23,08:04:58,18,48
1035,2022-04-23,08:05:58,18,48
1036,2022-04-23,08:06:58,18,48
1037,2022-04-23,08:07:58,18,48
1038,2022-04-23,08:08:59,19,49
1039,2022-04-23,08:09:59,19,49
1040,2022-04-23,08:10:59,19,49
1041,2022-04-23,08:11:59,19,49
1042,2022-04-23,08:13:00,19,49
1043,2022-04-23,08:14:00,19,49
1044,2022-04-23,08:15:03,19,50
1045,2022-04-23,08:16:03,19,50
1046,2022-04-23,08:17:04,19,50
1047,2022-04-23,08:18:04,19,50
1048,2022-04-23,08:19:05,19,51
1049,2022-04-23,08:20:10,19,51
1050,2022-04-23,08:21:10,19,52
1051,2022-04-23,08:22:10,19,52
1052,2022-04-23,08:23:13,19,53
1053,2022-04-23,08:24:13,19,53
1054,2022-04-23,08:25:16,19,53
1055,2022-04-23,08:26:16,19,54
1056,2022-04-23,08:27:16,19,54
1057,2022-04-23,08:28:16,19,54
1058,2022-04-23,08:29:18,19,54
1059,2022-04-23,08:30:18,19,54
1060,2022-04-23,08:31:18,19,54
1061,2022-04-23,08:32:18,19,55
1062,2022-04-23,08:33:29,19,55
1063,2022-04-23,08:34:29,19,55
1064,2022-04-23,08:35:29,19,55
1065,2022-04-23,08:36:30,19,56
1066,2022-04-23,08:37:30,19,56
1067,2022-04-23,08:38:33,19,56
1068,2022-04-23,08:39:33,19,56
1069,2022-04-23,08:40:38,19,56
1070,2022-04-23,08:41:39,19,56
1071,2022-04-23,08:42:39,19,56
1072,2022-04-23,08:43:39,19,56
1073,2022-04-23,08:44:42,19,56
1074,2022-04-23,08:45:42,19,56
1075,2022-04-23,08:46:43,19,56
1076,2022-04-23,08:47:43,19,56
1077,2022-04-23,08:48:46,19,56
1078,2022-04-23,08:49:46,19,56
1079,2022-04-23,08:50:47,19,56
1080,2022-04-23,08:51:47,19,56
1081,2022-04-23,08:52:47,19,56
1082,2022-04-23,08:53:47,19,56
1083,2022-04-23,08:54:48,19,56
1084,2022-04-23,08:55:50,19,56
1085,2022-04-23,08:56:50,19,56
1086,2022-04-23,08:57:51,19,55
1087,2022-04-23,08:58:51,19,55
1088,2022-04-23,08:59:52,19,55
1089,2022-04-23,09:00:52,19,55
1090,2022-04-23,09:01:52,19,55
1091,2022-04-23,09:02:52,19,54
1092,2022-04-23,09:03:53,19,54
1093,2022-04-23,09:04:56,19,54
1094,2022-04-23,09:05:56,19,54
1095,2022-04-23,09:06:57,19,53
1096,2022-04-23,09:07:57,19,53
1097,2022-04-23,09:08:57,19,53
1098,2022-04-23,09:09:57,19,53
1099,2022-04-23,09:10:58,19,53
1100,2022-04-23,09:12:00,19,53
1101,2022-04-23,09:13:01,19,53
1102,2022-04-23,09:14:01,19,53
1103,2022-04-23,09:15:01,19,53
1104,2022-04-23,09:16:02,19,52
1105,2022-04-23,09:17:02,19,52
1106,2022-04-23,09:18:02,19,50
1107,2022-04-23,09:19:02,19,50
1108,2022-04-23,09:20:05,19,50
1109,2022-04-23,09:21:05,19,50
1110,2022-04-23,09:22:05,19,50
1111,2022-04-23,09:23:08,19,50
1112,2022-04-23,09:24:11,19,50
1113,2022-04-23,09:25:11,19,49
1114,2022-04-23,09:26:11,19,49
1115,2022-04-23,09:27:14,19,49
1116,2022-04-23,09:28:16,19,49
1117,2022-04-23,09:29:17,19,49
1118,2022-04-23,09:30:17,19,49
1119,2022-04-23,09:31:17,19,50
1120,2022-04-23,09:32:17,19,50
1121,2022-04-23,09:33:17,19,50
1122,2022-04-23,09:34:22,19,50
1123,2022-04-23,09:35:25,19,50
1124,2022-04-23,09:36:25,19,50
1125,2022-04-23,09:37:28,19,50
1126,2022-04-23,09:38:31,19,50
1127,2022-04-23,09:39:31,19,50
1128,2022-04-23,09:40:33,19,50
1129,2022-04-23,09:41:33,19,50
1130,2022-04-23,09:42:34,19,50
1131,2022-04-23,09:43:34,19,50
1132,2022-04-23,09:44:34,19,50
1133,2022-04-23,09:45:34,19,50
1134,2022-04-23,09:46:34,19,50
1135,2022-04-23,09:47:34,19,50
1136,2022-04-23,09:48:37,19,50
1137,2022-04-23,09:49:37,19,50
1138,2022-04-23,09:50:38,19,50
1139,2022-04-23,09:51:39,19,50
1140,2022-04-23,09:52:42,19,50
1141,2022-04-23,09:53:42,19,50
1142,2022-04-23,09:54:42,19,50
1143,2022-04-23,09:55:45,19,50
1144,2022-04-23,09:56:45,19,50
1145,2022-04-23,09:57:45,19,50
1146,2022-04-23,09:58:46,19,50
1147,2022-04-23,09:59:46,19,50
1148,2022-04-23,10:00:48,19,50
1149,2022-04-23,10:01:48,19,50
1150,2022-04-23,10:02:49,19,50
1151,2022-04-23,10:03:49,19,50
1152,2022-04-23,10:04:51,19,50
1153,2022-04-23,10:05:51,19,50
1154,2022-04-23,10:06:52,19,50
1155,2022-04-23,10:07:52,19,50
1156,2022-04-23,10:08:52,19,49
1157,2022-04-23,10:09:55,19,49
1158,2022-04-23,10:10:55,19,49
1159,2022-04-23,10:11:55,19,49
1160,2022-04-23,10:12:57,19,49
1161,2022-04-23,10:13:58,19,49
1162,2022-04-23,10:14:58,19,49
1163,2022-04-23,10:16:01,19,49
1164,2022-04-23,10:17:01,19,49
1165,2022-04-23,10:18:01,19,49
1166,2022-04-23,10:19:01,19,49
1167,2022-04-23,10:20:01,19,49
1168,2022-04-23,10:21:01,19,49
1169,2022-04-23,10:22:01,19,49
1170,2022-04-23,10:23:01,19,49
1171,2022-04-23,10:24:02,19,49
1172,2022-04-23,10:25:02,19,49
1173,2022-04-23,10:26:02,19,49
1174,2022-04-23,10:27:05,19,49
1175,2022-04-23,10:28:05,19,49
1176,2022-04-23,10:29:08,19,49
1177,2022-04-23,10:30:08,19,49
1178,2022-04-23,10:31:08,19,49
1179,2022-04-23,10:32:08,19,49
1180,2022-04-23,10:33:08,19,49
1181,2022-04-23,10:34:11,19,49
1182,2022-04-23,10:35:11,19,49
1183,2022-04-23,10:36:11,19,49
1184,2022-04-23,10:37:11,19,48
1185,2022-04-23,10:38:11,19,48
1186,2022-04-23,10:39:12,19,48
1187,2022-04-23,10:40:12,19,48
1188,2022-04-23,10:41:12,19,48
1189,2022-04-23,10:42:12,19,48
1190,2022-04-23,10:43:13,19,48
1191,2022-04-23,10:44:15,19,48
1192,2022-04-23,10:45:18,19,48
1193,2022-04-23,10:46:18,19,48
1194,2022-04-23,10:47:21,19,48
1195,2022-04-23,10:48:21,19,48
1196,2022-04-23,10:49:22,19,48
1197,2022-04-23,10:50:24,19,48
1198,2022-04-23,10:51:34,19,48
1199,2022-04-23,10:52:37,19,49
1200,2022-04-23,10:53:37,19,49
1201,2022-04-23,10:54:40,19,49
1202,2022-04-23,10:55:43,19,48
1203,2022-04-23,10:56:43,19,48
1204,2022-04-23,10:57:43,19,48
1205,2022-04-23,10:58:43,19,48
1206,2022-04-23,10:59:43,19,48
1207,2022-04-23,11:00:49,19,48
1208,2022-04-23,11:01:51,19,48
1209,2022-04-23,11:02:51,19,48
1210,2022-04-23,11:03:51,19,48
1211,2022-04-23,11:04:52,19,47
1212,2022-04-23,11:05:54,19,47
1213,2022-04-23,11:06:57,19,47
1214,2022-04-23,11:07:57,19,47
1215,2022-04-23,11:08:57,19,47
1216,2022-04-23,11:09:57,19,47
1217,2022-04-23,11:10:57,19,47
1218,2022-04-23,11:11:58,19,47
1219,2022-04-23,11:12:58,19,47
1220,2022-04-23,11:13:58,19,47
1221,2022-04-23,11:14:58,19,47
1222,2022-04-23,11:15:58,19,47
1223,2022-04-23,11:17:01,19,47
1224,2022-04-23,11:18:01,19,47
1225,2022-04-23,11:19:01,19,47
1226,2022-04-23,11:20:01,19,47
1227,2022-04-23,11:21:02,19,46
1228,2022-04-23,11:22:02,19,46
1229,2022-04-23,11:23:05,19,47
1230,2022-04-23,11:24:05,19,47
1231,2022-04-23,11:25:08,19,47
1232,2022-04-23,11:26:08,19,47
1233,2022-04-23,11:27:08,19,46
1234,2022-04-23,11:28:08,19,46
1235,2022-04-23,11:29:09,19,46
1236,2022-04-23,11:30:11,19,46
1237,2022-04-23,11:31:11,19,45
1238,2022-04-23,11:32:11,19,45
1239,2022-04-23,11:33:11,19,46
1240,2022-04-23,11:34:14,19,45
1241,2022-04-23,11:35:15,19,45
1242,2022-04-23,11:36:15,19,45
1243,2022-04-23,11:37:17,19,44
1244,2022-04-23,11:38:17,19,44
1245,2022-04-23,11:39:18,19,44
1246,2022-04-23,11:40:18,19,44
1247,2022-04-23,11:41:18,19,44
1248,2022-04-23,11:42:18,19,44
1249,2022-04-23,11:43:18,19,44
1250,2022-04-23,11:44:18,19,44
1251,2022-04-23,11:45:21,19,44
1252,2022-04-23,11:46:22,19,44
1253,2022-04-23,11:47:22,19,45
1254,2022-04-23,11:48:22,19,44
1255,2022-04-23,11:49:22,19,44
1256,2022-04-23,11:50:22,19,44
1257,2022-04-23,11:51:25,19,44
1258,2022-04-23,11:52:25,19,44
1259,2022-04-23,11:53:25,19,44
1260,2022-04-23,11:54:26,19,44
1261,2022-04-23,11:55:27,19,44
1262,2022-04-23,11:56:27,19,44
1263,2022-04-23,11:57:27,19,44
1264,2022-04-23,11:58:27,19,44
1265,2022-04-23,11:59:27,19,43
1266,2022-04-23,12:00:27,19,43
1267,2022-04-23,12:01:30,19,43
1268,2022-04-23,12:02:30,19,43
1269,2022-04-23,12:03:35,19,43
1270,2022-04-23,12:04:35,19,43
1271,2022-04-23,12:05:36,19,43
1272,2022-04-23,12:06:36,19,44
1273,2022-04-23,12:07:38,19,44
1274,2022-04-23,12:08:38,19,43
1275,2022-04-23,12:09:38,19,42
1276,2022-04-23,12:10:41,19,42
1277,2022-04-23,12:11:41,19,42
1278,2022-04-23,12:12:41,19,42
1279,2022-04-23,12:13:42,19,42
1280,2022-04-23,12:14:42,19,42
1281,2022-04-23,12:15:42,19,42
1282,2022-04-23,12:16:42,19,43
1283,2022-04-23,12:17:42,19,43
1284,2022-04-23,12:18:42,19,43
1285,2022-04-23,12:19:42,19,43
1286,2022-04-23,12:20:43,19,43
1287,2022-04-23,12:21:43,19,44
1288,2022-04-23,12:22:43,19,44
1289,2022-04-23,12:23:43,19,44
1290,2022-04-23,12:24:43,19,44
1291,2022-04-23,12:25:44,19,44
1292,2022-04-23,12:26:49,19,44
1293,2022-04-23,12:27:49,19,44
1294,2022-04-23,12:28:52,19,44
1295,2022-04-23,12:29:52,19,44
1296,2022-04-23,12:30:52,20,44
1297,2022-04-23,12:31:55,20,42
1298,2022-04-23,12:32:57,20,41
1299,2022-04-23,12:33:57,20,41
1300,2022-04-23,12:35:00,20,41
1301,2022-04-23,12:36:00,20,42
1302,2022-04-23,12:37:03,20,42
1303,2022-04-23,12:38:03,20,43
1304,2022-04-23,12:39:03,19,43
1305,2022-04-23,12:40:04,19,44
1306,2022-04-23,12:41:04,19,44
1307,2022-04-23,12:42:05,19,45
1308,2022-04-23,12:43:05,19,45
1309,2022-04-23,12:44:05,19,45
1310,2022-04-23,12:45:05,19,45
1311,2022-04-23,12:46:05,19,45
1312,2022-04-23,12:47:06,19,45
1313,2022-04-23,12:48:06,19,45
1314,2022-04-23,12:49:06,19,45
1315,2022-04-23,12:50:06,19,44
1316,2022-04-23,12:51:06,19,44
1317,2022-04-23,12:52:09,19,44
1318,2022-04-23,12:53:09,19,44
1319,2022-04-23,12:54:10,19,44
1320,2022-04-23,12:55:10,19,44
1321,2022-04-23,12:56:11,19,44
1322,2022-04-23,12:57:11,19,44
1323,2022-04-23,12:58:11,19,44
1324,2022-04-23,12:59:11,19,44
1325,2022-04-23,13:00:14,19,44
1326,2022-04-23,13:01:14,19,44
1327,2022-04-23,13:02:15,19,45
1328,2022-04-23,13:03:15,19,45
1329,2022-04-23,13:04:15,20,45
1330,2022-04-23,13:05:16,20,44
1331,2022-04-23,13:06:16,20,44
1332,2022-04-23,13:07:18,20,44
1333,2022-04-23,13:08:18,20,44
1334,2022-04-23,13:09:19,19,44
1335,2022-04-23,13:10:19,19,44
1336,2022-04-23,13:11:19,20,44
1337,2022-04-23,13:12:20,20,44
1338,2022-04-23,13:13:20,20,44
1339,2022-04-23,13:14:21,20,44
1340,2022-04-23,13:15:21,19,44
1341,2022-04-23,13:16:22,19,44
1342,2022-04-23,13:17:25,19,44
1343,2022-04-23,13:18:25,19,44
1344,2022-04-23,13:19:25,19,44
1345,2022-04-23,13:20:28,19,44
1346,2022-04-23,13:21:28,20,43
1347,2022-04-23,13:22:31,20,43
1348,2022-04-23,13:23:31,20,43
1349,2022-04-23,13:24:31,20,43
1350,2022-04-23,13:25:32,20,43
1351,2022-04-23,13:26:33,20,43
1352,2022-04-23,13:27:33,20,43
1353,2022-04-23,13:28:33,20,43
1354,2022-04-23,13:29:36,20,43
1355,2022-04-23,13:30:39,20,43
1356,2022-04-23,13:31:39,20,43
1357,2022-04-23,13:32:41,20,43
1358,2022-04-23,13:33:42,20,43
1359,2022-04-23,13:34:42,20,42
1360,2022-04-23,13:35:44,20,42
1361,2022-04-23,13:36:47,20,42
1362,2022-04-23,13:37:47,20,43
1363,2022-04-23,13:38:47,20,43
1364,2022-04-23,13:39:47,20,43
1365,2022-04-23,13:40:48,19,43
1366,2022-04-23,13:41:48,19,43
1367,2022-04-23,13:42:53,20,43
1368,2022-04-23,13:43:54,20,43
1369,2022-04-23,13:44:56,20,42
1370,2022-04-23,13:45:56,20,42
1371,2022-04-23,13:46:57,20,42
1372,2022-04-23,13:47:57,20,42
1373,2022-04-23,13:48:57,20,42
1374,2022-04-23,13:49:58,20,42
1375,2022-04-23,13:50:58,20,42
1376,2022-04-23,13:52:01,20,42
1377,2022-04-23,13:53:01,20,42
1378,2022-04-23,13:54:04,20,42
1379,2022-04-23,13:55:04,20,42
1380,2022-04-23,13:56:04,20,41
1381,2022-04-23,13:57:04,20,41
1382,2022-04-23,13:58:05,20,41
1383,2022-04-23,13:59:05,20,41
1384,2022-04-23,14:00:08,20,41
1385,2022-04-23,14:01:08,20,41
1386,2022-04-23,14:02:13,20,41
1387,2022-04-23,14:03:13,20,41
1388,2022-04-23,14:04:13,20,41
1389,2022-04-23,14:05:13,20,41
1390,2022-04-23,14:06:16,20,42
1391,2022-04-23,14:07:16,20,42
1392,2022-04-23,14:08:21,20,42
1393,2022-04-23,14:09:21,20,42
1394,2022-04-23,14:10:21,20,42
1395,2022-04-23,14:11:21,20,42
1396,2022-04-23,14:12:22,20,42
1397,2022-04-23,14:13:22,20,42
1398,2022-04-23,14:14:24,20,42
1399,2022-04-23,14:15:24,20,42
1400,2022-04-23,14:16:27,20,42
1401,2022-04-23,14:17:27,20,42
1402,2022-04-23,14:18:27,20,42
1403,2022-04-23,14:19:28,20,42
1404,2022-04-23,14:20:30,20,42
1405,2022-04-23,14:21:31,20,42
1406,2022-04-23,14:22:37,20,42
1407,2022-04-23,14:23:37,21,41
1408,2022-04-23,14:24:39,21,41
1409,2022-04-23,14:25:40,21,41
1410,2022-04-23,14:26:41,20,42
1411,2022-04-23,14:27:41,20,42
1412,2022-04-23,14:28:43,20,42
1413,2022-04-23,14:29:44,20,42
1414,2022-04-23,14:30:46,20,42
1415,2022-04-23,14:31:49,21,41
1416,2022-04-23,14:32:49,21,41
1417,2022-04-23,14:33:52,21,41
1418,2022-04-23,14:34:52,20,42
1419,2022-04-23,14:35:52,21,41
1420,2022-04-23,14:36:52,20,43
1421,2022-04-23,14:37:52,20,43
1422,2022-04-23,14:38:52,20,43
1423,2022-04-23,14:39:52,20,43
1424,2022-04-23,14:40:55,21,42
1425,2022-04-23,14:41:55,21,42
1426,2022-04-23,14:42:55,21,42
1427,2022-04-23,14:44:01,21,42
1428,2022-04-23,14:45:01,21,42
1429,2022-04-23,14:46:01,21,42
1430,2022-04-23,14:47:01,21,42
1431,2022-04-23,14:48:01,21,42
1432,2022-04-23,14:49:01,21,42
1433,2022-04-23,14:50:01,21,42
1434,2022-04-23,14:51:04,21,42
1435,2022-04-23,14:52:09,21,42
1436,2022-04-23,14:53:10,21,42
1437,2022-04-23,14:54:10,21,42
1438,2022-04-23,14:55:10,21,42
1439,2022-04-23,14:56:13,21,42
1440,2022-04-23,14:57:16,21,42
1441,2022-04-23,14:58:16,21,42
1442,2022-04-23,14:59:21,21,42
1443,2022-04-23,15:00:21,21,42
1444,2022-04-23,15:01:24,21,42
1445,2022-04-23,15:02:24,21,42
1446,2022-04-23,15:03:24,21,42
1447,2022-04-23,15:04:24,21,42
1448,2022-04-23,15:05:30,21,42
1449,2022-04-23,15:06:30,21,42
1450,2022-04-23,15:07:33,21,42
1451,2022-04-23,15:08:33,21,42
1452,2022-04-23,15:09:33,21,42
1453,2022-04-23,15:10:34,21,42
1454,2022-04-23,15:11:37,21,42
1455,2022-04-23,15:12:37,21,42
1456,2022-04-23,15:13:37,21,42
1457,2022-04-23,15:14:37,21,42
1458,2022-04-23,15:15:40,21,42
1459,2022-04-23,15:16:42,21,42
1460,2022-04-23,15:17:45,21,42
1461,2022-04-23,15:18:48,21,43
1462,2022-04-23,15:19:51,21,43
1463,2022-04-23,15:20:51,21,42
1464,2022-04-23,15:21:52,21,42
1465,2022-04-23,15:22:54,21,42
1466,2022-04-23,15:23:54,21,41
1467,2022-04-23,15:24:55,21,41
1468,2022-04-23,15:25:55,21,41
1469,2022-04-23,15:27:01,21,41
1470,2022-04-23,15:28:01,21,41
1471,2022-04-23,15:29:02,21,41
1472,2022-04-23,15:30:02,21,41
1473,2022-04-23,15:31:02,21,41
1474,2022-04-23,15:32:02,21,41
1475,2022-04-23,15:33:03,21,41
1476,2022-04-23,15:34:03,21,41
1477,2022-04-23,15:35:03,21,41
1478,2022-04-23,15:36:06,21,41
1479,2022-04-23,15:37:06,21,41
1480,2022-04-23,15:38:09,21,41
1481,2022-04-23,15:39:09,21,41
1482,2022-04-23,15:40:09,21,41
1483,2022-04-23,15:41:09,22,41
1484,2022-04-23,15:42:12,22,41
1485,2022-04-23,15:43:12,22,41
1486,2022-04-23,15:44:12,22,40
1487,2022-04-23,15:45:12,22,40
1488,2022-04-23,15:46:12,22,40
1489,2022-04-23,15:47:12,22,40
1490,2022-04-23,15:48:13,22,40
1491,2022-04-23,15:49:13,22,40
1492,2022-04-23,15:50:13,22,40
1493,2022-04-23,15:51:21,22,40
1494,2022-04-23,15:52:21,22,40
1495,2022-04-23,15:53:22,22,40
1496,2022-04-23,15:54:22,22,40
1497,2022-04-23,15:55:22,22,40
1498,2022-04-23,15:56:22,22,40
1499,2022-04-23,15:57:22,22,40
1500,2022-04-23,15:58:25,22,40
1501,2022-04-23,15:59:25,22,40
1502,2022-04-23,16:00:26,22,40
1503,2022-04-23,16:01:29,22,40
1504,2022-04-23,16:02:29,22,40
1505,2022-04-23,16:03:32,22,40
1506,2022-04-23,16:04:34,22,40
1507,2022-04-23,16:05:34,22,40
1508,2022-04-23,16:06:34,22,39
1509,2022-04-23,16:07:37,22,39
1510,2022-04-23,16:08:37,22,39
1511,2022-04-23,16:09:37,22,39
1512,2022-04-23,16:10:37,22,39
1513,2022-04-23,16:11:37,22,39
1514,2022-04-23,16:12:38,22,39
1515,2022-04-23,16:13:38,22,39
1516,2022-04-23,16:14:38,22,40
1517,2022-04-23,16:15:38,22,40
1518,2022-04-23,16:16:38,22,40
1519,2022-04-23,16:17:38,22,40
1520,2022-04-23,16:18:38,22,40
1521,2022-04-23,16:19:41,22,40
1522,2022-04-23,16:20:42,22,40
1523,2022-04-23,16:21:42,22,40
1524,2022-04-23,16:22:42,22,40
1525,2022-04-23,16:23:43,22,40
1526,2022-04-23,16:24:43,23,40
1527,2022-04-23,16:25:44,23,40
1528,2022-04-23,16:26:46,23,40
1529,2022-04-23,16:27:46,23,40
1530,2022-04-23,16:28:46,23,40
1531,2022-04-23,16:29:47,23,40
1532,2022-04-23,16:30:47,23,40
1533,2022-04-23,16:31:47,23,40
1534,2022-04-23,16:32:47,23,40
1535,2022-04-23,16:33:50,23,40
1536,2022-04-23,16:34:50,23,40
1537,2022-04-23,16:35:55,23,40
1538,2022-04-23,16:36:55,23,40
1539,2022-04-23,16:37:58,23,39
1540,2022-04-23,16:38:58,23,39
1541,2022-04-23,16:39:58,23,39
1542,2022-04-23,16:40:58,23,39
1543,2022-04-23,16:41:58,23,39
1544,2022-04-23,16:42:58,23,39
1545,2022-04-23,16:43:58,23,39
1546,2022-04-23,16:45:12,23,39
1547,2022-04-23,16:46:14,23,39
1548,2022-04-23,16:47:14,23,39
1549,2022-04-23,16:48:14,23,39
1550,2022-04-23,16:49:15,23,39
1551,2022-04-23,16:50:15,23,39
1552,2022-04-23,16:51:16,23,39
1553,2022-04-23,16:52:17,23,39
1554,2022-04-23,16:53:17,24,39
1555,2022-04-23,16:54:20,24,39
1556,2022-04-23,16:55:20,24,39
1557,2022-04-23,16:56:25,24,39
1558,2022-04-23,16:57:25,24,39
1559,2022-04-23,16:58:28,24,38
1560,2022-04-23,16:59:28,24,38
1561,2022-04-23,17:00:29,24,38
1562,2022-04-23,17:01:30,24,38
1563,2022-04-23,17:02:30,24,38
1564,2022-04-23,17:03:32,24,38
1565,2022-04-23,17:04:32,24,38
1566,2022-04-23,17:05:33,24,38
1567,2022-04-23,17:06:33,24,38
1568,2022-04-23,17:07:33,24,38
1569,2022-04-23,17:08:36,25,38
1570,2022-04-23,17:09:36,24,38
1571,2022-04-23,17:10:36,24,38
1572,2022-04-23,17:11:36,24,38
1573,2022-04-23,17:12:40,24,38
1574,2022-04-23,17:13:45,24,38
1575,2022-04-23,17:14:45,24,38
1576,2022-04-23,17:15:47,24,38
1577,2022-04-23,17:16:47,25,38
1578,2022-04-23,17:17:50,24,38
1579,2022-04-23,17:18:50,24,38
1580,2022-04-23,17:19:53,24,38
1581,2022-04-23,17:20:53,24,38
1582,2022-04-23,17:21:53,24,38
1583,2022-04-23,17:22:54,24,38
1584,2022-04-23,17:23:54,24,38
1585,2022-04-23,17:24:54,24,38
1586,2022-04-23,17:25:55,24,38
1587,2022-04-23,17:26:55,23,38
1588,2022-04-23,17:27:55,23,38
1589,2022-04-23,17:28:56,23,38
1590,2022-04-23,17:30:01,23,39
1591,2022-04-23,17:31:04,23,39
1592,2022-04-23,17:32:04,23,39
1593,2022-04-23,17:33:07,23,39