1,2022-04-27,12:00:54,23,41
2,2022-04-27,12:01:54,23,41
3,2022-04-27,12:02:54,23,42
4,2022-04-27,12:03:54,23,42
5,2022-04-27,12:04:55,23,42
6,2022-04-27,12:05:55,23,42
7,2022-04-27,12:06:57,23,43
8,2022-04-27,12:07:58,23,43
9,2022-04-27,12:09:00,23,43
10,2022-04-27,12:10:00,23,43
11,2022-04-27,12:11:01,23,43
12,2022-04-27,12:12:01,23,43
13,2022-04-27,12:13:01,23,44
14,2022-04-27,12:14:01,23,43
15,2022-04-27,12:15:01,23,43
16,2022-04-27,12:16:01,23,44
17,2022-04-27,12:17:02,23,44
18,2022-04-27,12:18:02,23,44
19,2022-04-27,12:19:05,23,43
20,2022-04-27,12:20:07,23,43
21,2022-04-27,12:21:07,23,43
22,2022-04-27,12:22:08,23,43
23,2022-04-27,12:23:08,23,43
24,2022-04-27,12:24:08,23,44
25,2022-04-27,12:25:08,23,43
26,2022-04-27,12:26:09,23,44
27,2022-04-27,12:27:09,23,44
28,2022-04-27,12:28:09,23,44
29,2022-04-27,12:29:10,23,44
30,2022-04-27,12:30:15,23,44
31,2022-04-27,12:31:15,23,44
32,2022-04-27,12:32:15,23,44
33,2022-04-27,12:33:16,23,44
34,2022-04-27,12:34:16,23,44
35,2022-04-27,12:35:16,23,44
36,2022-04-27,12:36:18,23,44
37,2022-04-27,12:37:19,23,44
38,2022-04-27,12:38:19,23,44
39,2022-04-27,12:39:19,23,44
40,2022-04-27,12:40:19,23,44
41,2022-04-27,12:41:19,23,44
42,2022-04-27,12:42:22,23,44
43,2022-04-27,12:43:22,23,44
44,2022-04-27,12:44:25,23,45
45,2022-04-27,12:45:27,23,45
46,2022-04-27,12:46:33,23,45
47,2022-04-27,12:47:33,23,45
48,2022-04-27,12:48:36,23,45
49,2022-04-27,12:49:36,23,45
50,2022-04-27,12:50:41,23,45
51,2022-04-27,12:51:46,23,45
52,2022-04-27,12:52:46,23,46
53,2022-04-27,12:53:46,23,46
54,2022-04-27,12:54:47,23,45
55,2022-04-27,12:55:49,23,45
56,2022-04-27,12:56:49,23,45
57,2022-04-27,12:57:49,23,45
58,2022-04-27,12:58:52,23,45
59,2022-04-27,12:59:52,23,45
60,2022-04-27,13:00:53,23,45
61,2022-04-27,13:01:55,23,45
62,2022-04-27,13:02:55,23,45
63,2022-04-27,13:03:56,23,45
64,2022-04-27,13:04:59,23,45
65,2022-04-27,13:05:59,23,45
66,2022-04-27,13:07:02,23,45
67,2022-04-27,13:08:02,23,45
68,2022-04-27,13:09:02,23,45
69,2022-04-27,13:10:05,23,45
70,2022-04-27,13:11:07,23,45
71,2022-04-27,13:12:10,23,45
72,2022-04-27,13:13:11,23,45
73,2022-04-27,13:14:11,23,45
74,2022-04-27,13:15:13,23,44
75,2022-04-27,13:16:16,23,45
76,2022-04-27,13:17:16,23,45
77,2022-04-27,13:18:16,23,45
78,2022-04-27,13:19:16,23,45
79,2022-04-27,13:20:17,23,45
80,2022-04-27,13:21:17,23,45
81,2022-04-27,13:22:22,23,45
82,2022-04-27,13:23:22,23,45
83,2022-04-27,13:24:25,23,44
84,2022-04-27,13:25:25,23,44
85,2022-04-27,13:26:25,23,44
86,2022-04-27,13:27:25,23,44
87,2022-04-27,13:28:25,23,44
88,2022-04-27,13:29:26,23,44
89,2022-04-27,13:30:26,23,44
90,2022-04-27,13:31:26,23,44
91,2022-04-27,13:32:26,23,44
92,2022-04-27,13:33:29,23,44
93,2022-04-27,13:34:32,23,44
94,2022-04-27,13:35:32,23,44
95,2022-04-27,13:36:32,23,44
96,2022-04-27,13:37:32,23,44
97,2022-04-27,13:38:33,23,44
98,2022-04-27,13:39:33,23,44
99,2022-04-27,13:40:33,23,44
100,2022-04-27,13:41:36,23,44
101,2022-04-27,13:42:36,23,44
102,2022-04-27,13:43:39,23,44
103,2022-04-27,13:44:41,23,44
104,2022-04-27,13:45:42,23,44
105,2022-04-27,13:46:42,23,44
106,2022-04-27,13:47:42,23,44
107,2022-04-27,13:48:42,23,44
108,2022-04-27,13:49:43,23,44
109,2022-04-27,13:50:46,23,44
110,2022-04-27,13:51:46,23,44
111,2022-04-27,13:52:46,23,44
112,2022-04-27,13:53:46,23,44
113,2022-04-27,13:54:47,23,44
114,2022-04-27,13:55:49,23,44
115,2022-04-27,13:56:49,23,44
116,2022-04-27,13:57:49,23,44
117,2022-04-27,13:58:50,23,44
118,2022-04-27,13:59:50,23,44
119,2022-04-27,14:00:50,23,44
120,2022-04-27,14:01:50,23,44
121,2022-04-27,14:02:50,23,44
122,2022-04-27,14:03:50,22,44
123,2022-04-27,14:04:50,22,44
124,2022-04-27,14:05:51,22,44
125,2022-04-27,14:06:51,22,44
126,2022-04-27,14:07:51,22,44
127,2022-04-27,14:08:51,22,44
128,2022-04-27,14:09:52,22,44
129,2022-04-27,14:10:52,22,43
130,2022-04-27,14:11:52,22,43
131,2022-04-27,14:12:52,22,43
132,2022-04-27,14:13:52,22,43
133,2022-04-27,14:14:53,22,43
134,2022-04-27,14:15:53,22,43
135,2022-04-27,14:16:56,22,43
136,2022-04-27,14:17:56,22,44
137,2022-04-27,14:18:59,22,44
138,2022-04-27,14:19:59,22,43
139,2022-04-27,14:21:01,22,44
140,2022-04-27,14:22:02,22,44
141,2022-04-27,14:23:04,22,44
142,2022-04-27,14:24:04,22,43
143,2022-04-27,14:25:07,22,43
144,2022-04-27,14:26:07,22,44
145,2022-04-27,14:27:07,22,44
146,2022-04-27,14:28:08,22,43
147,2022-04-27,14:29:08,22,43
148,2022-04-27,14:30:08,22,43
149,2022-04-27,14:31:08,22,43
150,2022-04-27,14:32:14,23,43
151,2022-04-27,14:33:14,22,43
152,2022-04-27,14:34:14,22,44
153,2022-04-27,14:35:14,22,44
154,2022-04-27,14:36:14,22,44
155,2022-04-27,14:37:14,22,44
156,2022-04-27,14:38:17,22,43
157,2022-04-27,14:39:17,22,43
158,2022-04-27,14:40:20,22,43
159,2022-04-27,14:41:20,22,43
160,2022-04-27,14:42:20,22,43
161,2022-04-27,14:43:20,22,43
162,2022-04-27,14:44:20,22,43
163,2022-04-27,14:45:21,22,43
164,2022-04-27,14:46:21,22,44
165,2022-04-27,14:47:21,22,43
166,2022-04-27,14:48:24,22,43
167,2022-04-27,14:49:24,22,43
168,2022-04-27,14:50:25,22,43
169,2022-04-27,14:51:25,22,43
170,2022-04-27,14:52:25,22,43
171,2022-04-27,14:53:25,22,43
172,2022-04-27,14:54:25,22,43
173,2022-04-27,14:55:25,22,44
174,2022-04-27,14:56:25,23,44
175,2022-04-27,14:57:25,23,43
176,2022-04-27,14:58:28,23,43
177,2022-04-27,14:59:28,23,43
178,2022-04-27,15:00:33,23,44
179,2022-04-27,15:01:33,23,43
180,2022-04-27,15:02:39,23,44
181,2022-04-27,15:03:39,23,43
182,2022-04-27,15:04:42,23,42
183,2022-04-27,15:05:42,23,40
184,2022-04-27,15:06:42,23,39
185,2022-04-27,15:07:42,23,39
186,2022-04-27,15:08:42,23,39
187,2022-04-27,15:09:43,23,39
188,2022-04-27,15:10:43,23,39
189,2022-04-27,15:11:45,23,39
190,2022-04-27,15:12:49,23,39
191,2022-04-27,15:13:51,23,38
192,2022-04-27,15:14:52,23,38
193,2022-04-27,15:15:52,23,38
194,2022-04-27,15:16:52,23,38
195,2022-04-27,15:17:55,23,39
196,2022-04-27,15:18:55,23,39
197,2022-04-27,15:20:00,23,39
198,2022-04-27,15:21:00,23,39
199,2022-04-27,15:22:01,23,39
200,2022-04-27,15:23:01,23,39
201,2022-04-27,15:24:01,23,39
202,2022-04-27,15:25:01,23,38
203,2022-04-27,15:26:04,23,39
204,2022-04-27,15:27:04,23,39
205,2022-04-27,15:28:05,23,39
206,2022-04-27,15:29:08,23,39
207,2022-04-27,15:30:10,23,39
208,2022-04-27,15:31:11,23,39
209,2022-04-27,15:32:13,23,39
210,2022-04-27,15:33:13,23,39
211,2022-04-27,15:34:19,23,39
212,2022-04-27,15:35:19,23,39
213,2022-04-27,15:36:19,23,38
214,2022-04-27,15:37:22,23,38
215,2022-04-27,15:38:22,23,39
216,2022-04-27,15:39:22,23,38
217,2022-04-27,15:40:22,23,38
218,2022-04-27,15:41:23,23,38
219,2022-04-27,15:42:25,23,38
220,2022-04-27,15:43:25,23,39
221,2022-04-27,15:44:28,23,38
222,2022-04-27,15:45:28,23,38
223,2022-04-27,15:46:28,23,38
224,2022-04-27,15:47:29,23,38
225,2022-04-27,15:48:29,23,39
226,2022-04-27,15:49:29,23,39
227,2022-04-27,15:50:29,23,39
228,2022-04-27,15:51:30,23,40
229,2022-04-27,15:52:33,23,41
230,2022-04-27,15:53:33,23,41
231,2022-04-27,15:54:33,23,40
232,2022-04-27,15:55:33,23,41
233,2022-04-27,15:56:39,23,40
234,2022-04-27,15:57:39,23,40
235,2022-04-27,15:58:39,23,39
236,2022-04-27,15:59:39,23,39
237,2022-04-27,16:00:39,23,38
238,2022-04-27,16:01:40,23,38
239,2022-04-27,16:02:43,23,38
240,2022-04-27,16:03:43,23,38
241,2022-04-27,16:04:43,23,38
242,2022-04-27,16:05:43,23,38
243,2022-04-27,16:06:43,23,38
244,2022-04-27,16:07:44,23,38
245,2022-04-27,16:08:46,23,38
246,2022-04-27,16:09:47,23,38
247,2022-04-27,16:10:52,23,38
248,2022-04-27,16:11:52,23,38
249,2022-04-27,16:12:53,23,38
250,2022-04-27,16:13:53,23,38
251,2022-04-27,16:14:55,23,38
252,2022-04-27,16:15:55,23,38
253,2022-04-27,16:16:56,23,38
254,2022-04-27,16:17:56,23,38
255,2022-04-27,16:18:56,23,38
256,2022-04-27,16:20:04,23,39
257,2022-04-27,16:21:04,23,39
258,2022-04-27,16:22:07,23,39
259,2022-04-27,16:23:10,23,39
260,2022-04-27,16:24:12,23,39
261,2022-04-27,16:25:12,23,39
262,2022-04-27,16:26:15,23,39
263,2022-04-27,16:27:15,23,39
264,2022-04-27,16:28:16,23,39
265,2022-04-27,16:29:16,23,39
266,2022-04-27,16:30:16,23,39
267,2022-04-27,16:31:17,23,39
268,2022-04-27,16:32:17,23,39
269,2022-04-27,16:33:17,23,39
270,2022-04-27,16:34:17,23,39
271,2022-04-27,16:35:17,23,40
272,2022-04-27,16:36:20,23,40
273,2022-04-27,16:37:20,23,40
274,2022-04-27,16:38:21,23,40
275,2022-04-27,16:39:21,23,40
276,2022-04-27,16:40:21,23,40
277,2022-04-27,16:41:24,23,41
278,2022-04-27,16:42:24,23,41
279,2022-04-27,16:43:24,23,41
280,2022-04-27,16:44:24,23,41
281,2022-04-27,16:45:24,23,42
282,2022-04-27,16:46:24,23,42
283,2022-04-27,16:47:25,23,42
284,2022-04-27,16:48:25,23,42
285,2022-04-27,16:49:25,23,42
286,2022-04-27,16:50:25,23,43
287,2022-04-27,16:51:25,23,43
288,2022-04-27,16:52:25,23,43
289,2022-04-27,16:53:28,23,43
290,2022-04-27,16:54:28,23,43
291,2022-04-27,16:55:28,23,43
292,2022-04-27,16:56:29,23,43
293,2022-04-27,16:57:29,23,43
294,2022-04-27,16:58:29,23,43
295,2022-04-27,16:59:29,23,44
296,2022-04-27,17:00:30,23,44
297,2022-04-27,17:01:30,23,44
298,2022-04-27,17:02:30,23,44
299,2022-04-27,17:03:30,23,44
300,2022-04-27,17:04:30,23,44
301,2022-04-27,17:05:30,23,44
302,2022-04-27,17:06:31,23,44
303,2022-04-27,17:07:31,23,44
304,2022-04-27,17:08:33,23,44
305,2022-04-27,17:09:36,23,44
306,2022-04-27,17:10:42,23,44
307,2022-04-27,17:11:42,23,44
308,2022-04-27,17:12:42,23,44
309,2022-04-27,17:13:42,23,44
310,2022-04-27,17:14:48,23,44
311,2022-04-27,17:15:48,23,45
312,2022-04-27,17:16:50,23,45
313,2022-04-27,17:17:53,23,44
314,2022-04-27,17:18:53,23,44
315,2022-04-27,17:19:56,23,44
316,2022-04-27,17:20:56,23,44
317,2022-04-27,17:21:56,23,45
318,2022-04-27,17:22:56,23,45
319,2022-04-27,17:23:57,23,45
320,2022-04-27,17:24:57,23,45
321,2022-04-27,17:25:57,23,45
322,2022-04-27,17:26:57,23,45
323,2022-04-27,17:27:58,23,45
324,2022-04-27,17:28:58,23,44
325,2022-04-27,17:29:58,23,44
326,2022-04-27,17:30:59,23,45
327,2022-04-27,17:31:59,23,45
328,2022-04-27,17:33:02,23,45
329,2022-04-27,17:34:02,23,45
330,2022-04-27,17:35:02,23,45
331,2022-04-27,17:36:05,23,45
332,2022-04-27,17:37:05,23,45
333,2022-04-27,17:38:05,23,45
334,2022-04-27,17:39:13,23,45
335,2022-04-27,17:40:13,23,45
336,2022-04-27,17:41:13,23,45
337,2022-04-27,17:42:13,23,45
338,2022-04-27,17:43:13,23,45
339,2022-04-27,17:44:13,23,45
340,2022-04-27,17:45:13,23,45
341,2022-04-27,17:46:13,23,45
342,2022-04-27,17:47:13,23,45
343,2022-04-27,17:48:16,23,45
344,2022-04-27,17:49:16,23,45
345,2022-04-27,17:50:19,23,46
346,2022-04-27,17:51:19,23,46
347,2022-04-27,17:52:22,23,46
348,2022-04-27,17:53:22,23,46
349,2022-04-27,17:54:22,23,45
350,2022-04-27,17:55:22,23,45
351,2022-04-27,17:56:22,23,45
352,2022-04-27,17:57:28,23,45
353,2022-04-27,17:58:28,23,45
354,2022-04-27,17:59:28,23,44
355,2022-04-27,18:00:28,23,45
356,2022-04-27,18:01:28,23,44
357,2022-04-27,18:02:28,23,44
358,2022-04-27,18:03:29,23,44
359,2022-04-27,18:04:29,23,44
360,2022-04-27,18:05:29,23,44
361,2022-04-27,18:06:32,23,43
362,2022-04-27,18:07:35,23,43
363,2022-04-27,18:08:35,23,43
364,2022-04-27,18:09:35,23,43
365,2022-04-27,18:10:38,23,42
366,2022-04-27,18:11:40,23,42
367,2022-04-27,18:12:40,23,42
368,2022-04-27,18:13:43,23,42
369,2022-04-27,18:14:46,23,43
370,2022-04-27,18:15:46,23,43
371,2022-04-27,18:16:46,23,43
372,2022-04-27,18:17:51,23,43
373,2022-04-27,18:18:51,23,43
374,2022-04-27,18:19:52,23,43
375,2022-04-27,18:20:52,23,43
376,2022-04-27,18:21:52,23,43
377,2022-04-27,18:23:00,23,43
378,2022-04-27,18:24:00,23,43
379,2022-04-27,18:25:03,23,43
380,2022-04-27,18:26:08,23,43
381,2022-04-27,18:27:23,23,43
382,2022-04-27,18:28:23,23,43
383,2022-04-27,18:29:26,23,43
384,2022-04-27,18:30:31,23,43
385,2022-04-27,18:31:32,23,43
386,2022-04-27,18:32:32,23,44
387,2022-04-27,18:33:32,23,44
388,2022-04-27,18:34:35,23,44
389,2022-04-27,18:35:50,23,44
390,2022-04-27,18:36:53,23,44
391,2022-04-27,18:38:06,23,44
392,2022-04-27,18:39:09,23,44
393,2022-04-27,18:40:11,23,44
394,2022-04-27,18:41:12,23,44
395,2022-04-27,18:42:17,23,44
396,2022-04-27,18:43:22,23,44
397,2022-04-27,18:44:22,23,45
398,2022-04-27,18:45:22,23,44
399,2022-04-27,18:46:25,23,44
400,2022-04-27,18:47:28,23,44
401,2022-04-27,18:48:28,23,45
402,2022-04-27,18:49:28,23,45
403,2022-04-27,18:50:43,23,46
404,2022-04-27,18:51:46,23,46
405,2022-04-27,18:52:46,23,46
406,2022-04-27,18:53:49,23,46
407,2022-04-27,18:54:49,23,47
408,2022-04-27,18:55:52,23,47
409,2022-04-27,18:56:52,23,47
410,2022-04-27,18:57:53,23,47
411,2022-04-27,18:58:56,23,47
412,2022-04-27,18:59:56,23,47
413,2022-04-27,19:00:58,23,47
414,2022-04-27,19:01:58,23,47
415,2022-04-27,19:02:59,23,47
416,2022-04-27,19:03:59,23,47
417,2022-04-27,19:05:02,23,48
418,2022-04-27,19:06:02,23,48
419,2022-04-27,19:07:05,23,48
420,2022-04-27,19:08:05,23,48
421,2022-04-27,19:09:05,23,48
422,2022-04-27,19:10:05,23,48
423,2022-04-27,19:11:05,23,48
424,2022-04-27,19:12:06,23,48
425,2022-04-27,19:13:06,23,48
426,2022-04-27,19:14:11,23,48
427,2022-04-27,19:15:14,23,49
428,2022-04-27,19:16:14,23,49
429,2022-04-27,19:17:14,23,49
430,2022-04-27,19:18:14,23,49
431,2022-04-27,19:19:14,23,49
432,2022-04-27,19:20:17,23,49
433,2022-04-27,19:21:17,23,49
434,2022-04-27,19:22:17,23,49
435,2022-04-27,19:23:17,23,49
436,2022-04-27,19:24:17,23,49
437,2022-04-27,19:25:18,23,49
438,2022-04-27,19:26:18,23,49
439,2022-04-27,19:27:18,23,49
440,2022-04-27,19:28:19,23,49
441,2022-04-27,19:29:19,23,49
442,2022-04-27,19:30:19,23,49
443,2022-04-27,19:31:22,23,50
444,2022-04-27,19:32:24,23,50
445,2022-04-27,19:33:25,23,50
446,2022-04-27,19:34:25,23,50
447,2022-04-27,19:35:25,23,50
448,2022-04-27,19:36:25,23,50
449,2022-04-27,19:37:25,23,50
450,2022-04-27,19:38:25,23,50
451,2022-04-27,19:39:25,23,50
452,2022-04-27,19:40:28,23,50
453,2022-04-27,19:41:28,23,50
454,2022-04-27,19:42:28,23,50
455,2022-04-27,19:43:31,23,50
456,2022-04-27,19:44:31,23,50
457,2022-04-27,19:45:31,23,50
458,2022-04-27,19:46:32,23,50
459,2022-04-27,19:47:34,23,49
460,2022-04-27,19:48:35,23,49
461,2022-04-27,19:49:35,23,49
462,2022-04-27,19:50:35,23,49
463,2022-04-27,19:51:35,23,49
464,2022-04-27,19:52:35,23,49
465,2022-04-27,19:53:36,23,49
466,2022-04-27,19:54:40,23,49
467,2022-04-27,19:55:40,23,49
468,2022-04-27,19:56:40,23,49
469,2022-04-27,19:57:40,23,49
470,2022-04-27,19:58:43,23,49
471,2022-04-27,19:59:46,23,49
472,2022-04-27,20:00:46,23,49
473,2022-04-27,20:01:46,23,49
474,2022-04-27,20:02:49,23,49
475,2022-04-27,20:03:49,23,49
476,2022-04-27,20:04:54,23,49
477,2022-04-27,20:05:54,23,49
478,2022-04-27,20:06:55,23,49
479,2022-04-27,20:07:55,23,49
480,2022-04-27,20:08:58,23,49
481,2022-04-27,20:09:58,23,49
482,2022-04-27,20:10:58,23,49
483,2022-04-27,20:11:58,23,50
484,2022-04-27,20:12:58,23,50
485,2022-04-27,20:13:59,23,50
486,2022-04-27,20:14:59,23,50
487,2022-04-27,20:15:59,23,50
488,2022-04-27,20:17:02,23,50
489,2022-04-27,20:18:04,23,49
490,2022-04-27,20:19:05,23,50
491,2022-04-27,20:20:07,23,50
492,2022-04-27,20:21:07,23,49
493,2022-04-27,20:22:10,23,50
494,2022-04-27,20:23:10,23,50
495,2022-04-27,20:24:13,23,50
496,2022-04-27,20:25:13,23,51
497,2022-04-27,20:26:13,23,51
498,2022-04-27,20:27:14,23,51
499,2022-04-27,20:28:14,23,51
500,2022-04-27,20:29:14,23,51
501,2022-04-27,20:30:14,23,51
502,2022-04-27,20:31:14,23,51
503,2022-04-27,20:32:17,23,51
504,2022-04-27,20:33:17,23,51
505,2022-04-27,20:34:19,23,51
506,2022-04-27,20:35:20,23,51
507,2022-04-27,20:36:20,23,51
508,2022-04-27,20:37:20,23,51
509,2022-04-27,20:38:20,23,51
510,2022-04-27,20:39:21,23,51
511,2022-04-27,20:40:21,23,51
512,2022-04-27,20:41:21,23,52
513,2022-04-27,20:42:21,23,52
514,2022-04-27,20:43:22,23,52
515,2022-04-27,20:44:25,23,52
516,2022-04-27,20:45:27,23,53
517,2022-04-27,20:46:27,23,52
518,2022-04-27,20:47:28,23,53
519,2022-04-27,20:48:30,23,53
520,2022-04-27,20:49:33,23,52
521,2022-04-27,20:50:33,23,52
522,2022-04-27,20:51:33,23,52
523,2022-04-27,20:52:33,23,52
524,2022-04-27,20:53:34,23,52
525,2022-04-27,20:54:34,23,52
526,2022-04-27,20:55:34,23,52
527,2022-04-27,20:56:37,23,52
528,2022-04-27,20:57:37,23,52
529,2022-04-27,20:58:37,23,52
530,2022-04-27,20:59:37,23,52
531,2022-04-27,21:00:37,23,52
532,2022-04-27,21:01:42,23,52
533,2022-04-27,21:02:42,23,52
534,2022-04-27,21:03:43,23,52
535,2022-04-27,21:04:43,23,52
536,2022-04-27,21:05:45,23,52
537,2022-04-27,21:06:46,23,52
538,2022-04-27,21:07:46,23,52
539,2022-04-27,21:08:46,23,51
540,2022-04-27,21:09:49,23,51
541,2022-04-27,21:10:49,23,51
542,2022-04-27,21:11:49,23,51
543,2022-04-27,21:12:49,23,51
544,2022-04-27,21:13:49,23,51
545,2022-04-27,21:14:49,23,51
546,2022-04-27,21:15:55,23,52
547,2022-04-27,21:16:55,23,51
548,2022-04-27,21:17:55,23,51
549,2022-04-27,21:18:55,23,51
550,2022-04-27,21:19:55,23,52
551,2022-04-27,21:20:56,23,53
552,2022-04-27,21:21:56,23,53
553,2022-04-27,21:23:01,23,53
554,2022-04-27,21:24:02,23,54
555,2022-04-27,21:25:02,23,54
556,2022-04-27,21:26:02,23,54
557,2022-04-27,21:27:03,23,54
558,2022-04-27,21:28:09,23,54
559,2022-04-27,21:29:09,23,54
560,2022-04-27,21:30:10,23,54
561,2022-04-27,21:31:15,23,54
562,2022-04-27,21:32:15,23,54
563,2022-04-27,21:33:18,23,54
564,2022-04-27,21:34:18,23,54
565,2022-04-27,21:35:19,23,54
566,2022-04-27,21:36:19,23,54
567,2022-04-27,21:37:19,23,54
568,2022-04-27,21:38:22,23,54
569,2022-04-27,21:39:22,23,54
570,2022-04-27,21:40:25,23,55
571,2022-04-27,21:41:26,23,56
572,2022-04-27,21:42:26,23,57
573,2022-04-27,21:43:26,23,57
574,2022-04-27,21:44:28,23,57
575,2022-04-27,21:45:29,23,57
576,2022-04-27,21:46:29,23,57
577,2022-04-27,21:47:32,23,57
578,2022-04-27,21:48:32,23,57
579,2022-04-27,21:49:34,23,57
580,2022-04-27,21:50:37,23,57
581,2022-04-27,21:51:37,23,57
582,2022-04-27,21:52:40,23,57
583,2022-04-27,21:53:43,23,57
584,2022-04-27,21:54:43,23,57
585,2022-04-27,21:55:45,23,57
586,2022-04-27,21:56:46,23,57
587,2022-04-27,21:57:48,23,57
588,2022-04-27,21:58:51,23,57
589,2022-04-27,21:59:51,23,57
590,2022-04-27,22:00:52,23,57
591,2022-04-27,22:01:53,23,57
592,2022-04-27,22:02:53,23,57
593,2022-04-27,22:03:53,23,57
594,2022-04-27,22:04:53,23,57
595,2022-04-27,22:05:54,23,57
596,2022-04-27,22:06:56,23,57
597,2022-04-27,22:07:57,23,56
598,2022-04-27,22:09:00,23,56
599,2022-04-27,22:10:01,23,56
600,2022-04-27,22:11:01,23,56
601,2022-04-27,22:12:01,23,56
602,2022-04-27,22:13:02,23,56
603,2022-04-27,22:14:05,23,56
604,2022-04-27,22:15:07,23,56
605,2022-04-27,22:16:08,23,56
606,2022-04-27,22:17:08,23,56
607,2022-04-27,22:18:09,23,56
608,2022-04-27,22:19:09,23,56
609,2022-04-27,22:20:10,23,56
610,2022-04-27,22:21:12,23,56
611,2022-04-27,22:22:12,23,56
612,2022-04-27,22:23:13,23,56
613,2022-04-27,22:24:13,23,56
614,2022-04-27,22:25:14,23,56
615,2022-04-27,22:26:14,23,56
616,2022-04-27,22:27:14,23,56
617,2022-04-27,22:28:16,23,56
618,2022-04-27,22:29:16,23,56
619,2022-04-27,22:30:17,23,56
620,2022-04-27,22:31:17,23,56
621,2022-04-27,22:32:17,23,56
622,2022-04-27,22:33:17,23,56
623,2022-04-27,22:34:18,23,56
624,2022-04-27,22:35:20,23,56
625,2022-04-27,22:36:23,23,56
626,2022-04-27,22:37:23,23,56
627,2022-04-27,22:38:23,23,55
628,2022-04-27,22:39:24,23,56
629,2022-04-27,22:40:24,23,56
630,2022-04-27,22:41:24,23,55
631,2022-04-27,22:42:24,23,55
632,2022-04-27,22:43:27,23,55
633,2022-04-27,22:44:30,23,55
634,2022-04-27,22:45:30,23,55
635,2022-04-27,22:46:30,23,55
636,2022-04-27,22:47:33,23,55
637,2022-04-27,22:48:36,23,55
638,2022-04-27,22:49:36,23,55
639,2022-04-27,22:50:39,23,55
640,2022-04-27,22:51:39,23,55
641,2022-04-27,22:52:39,23,55
642,2022-04-27,22:53:39,23,55
643,2022-04-27,22:54:39,23,55
644,2022-04-27,22:55:42,23,55
645,2022-04-27,22:56:47,23,55
646,2022-04-27,22:57:47,23,55
647,2022-04-27,22:58:47,23,55
648,2022-04-27,22:59:47,23,55
649,2022-04-27,23:00:48,23,55
650,2022-04-27,23:01:50,23,55
651,2022-04-27,23:02:53,23,55
652,2022-04-27,23:03:56,23,55
653,2022-04-27,23:04:59,23,55
654,2022-04-27,23:05:59,23,55
655,2022-04-27,23:06:59,23,55
656,2022-04-27,23:08:01,23,55
657,2022-04-27,23:09:02,23,55
658,2022-04-27,23:10:04,23,55
659,2022-04-27,23:11:04,23,55
660,2022-04-27,23:12:07,23,55
661,2022-04-27,23:13:07,23,55
662,2022-04-27,23:14:07,23,55
663,2022-04-27,23:15:10,23,55
664,2022-04-27,23:16:15,23,55
665,2022-04-27,23:17:15,23,55
666,2022-04-27,23:18:18,23,55
667,2022-04-27,23:19:21,23,55
668,2022-04-27,23:20:21,23,55
669,2022-04-27,23:21:26,23,55
670,2022-04-27,23:22:26,23,55
671,2022-04-27,23:23:31,23,55
672,2022-04-27,23:24:34,23,55
673,2022-04-27,23:25:34,23,55
674,2022-04-27,23:26:35,23,55
675,2022-04-27,23:27:37,23,55
676,2022-04-27,23:28:40,23,55
677,2022-04-27,23:29:40,23,54
678,2022-04-27,23:30:41,23,55
679,2022-04-27,23:31:43,23,55
680,2022-04-27,23:32:46,23,54
681,2022-04-27,23:33:47,23,54
682,2022-04-27,23:34:47,23,54
683,2022-04-27,23:35:47,23,54
684,2022-04-27,23:36:47,23,54
685,2022-04-27,23:37:47,23,54
686,2022-04-27,23:38:48,23,54
687,2022-04-27,23:39:49,23,54
688,2022-04-27,23:40:49,23,54
689,2022-04-27,23:41:50,23,54
690,2022-04-27,23:42:52,23,54
691,2022-04-27,23:43:53,23,54
692,2022-04-27,23:44:53,23,54
693,2022-04-27,23:45:58,23,54
694,2022-04-27,23:46:59,23,54
695,2022-04-27,23:47:59,23,54
696,2022-04-27,23:48:59,23,54
697,2022-04-27,23:50:09,23,54
698,2022-04-27,23:51:09,23,54
699,2022-04-27,23:52:10,23,54
700,2022-04-27,23:53:11,23,54
701,2022-04-27,23:54:11,23,54
702,2022-04-27,23:55:16,23,54
703,2022-04-27,23:56:19,23,54
704,2022-04-27,23:57:19,23,54
705,2022-04-27,23:58:19,23,54
706,2022-04-27,23:59:20,23,54
707,2022-04-28,00:00:20,23,54
708,2022-04-28,00:01:23,23,54
709,2022-04-28,00:02:25,23,54
710,2022-04-28,00:03:26,23,54
711,2022-04-28,00:04:26,23,54
712,2022-04-28,00:05:26,23,54
713,2022-04-28,00:06:31,23,54
714,2022-04-28,00:07:34,23,54
715,2022-04-28,00:08:34,23,54
716,2022-04-28,00:09:34,23,54
717,2022-04-28,00:10:35,23,54
718,2022-04-28,00:11:37,23,54
719,2022-04-28,00:12:38,23,54
720,2022-04-28,00:13:40,23,54
721,2022-04-28,00:14:48,23,54
722,2022-04-28,00:15:48,23,53
723,2022-04-28,00:16:48,23,53
724,2022-04-28,00:17:48,23,54
725,2022-04-28,00:18:49,23,54
726,2022-04-28,00:19:51,23,54
727,2022-04-28,00:20:51,23,53
728,2022-04-28,00:21:52,23,53
729,2022-04-28,00:22:52,23,53
730,2022-04-28,00:23:57,23,53
731,2022-04-28,00:25:00,23,54
732,2022-04-28,00:26:03,23,54
733,2022-04-28,00:27:03,23,53
734,2022-04-28,00:28:08,23,53
735,2022-04-28,00:29:14,23,53
736,2022-04-28,00:30:14,23,53
737,2022-04-28,00:31:14,23,53
738,2022-04-28,00:32:14,23,53
739,2022-04-28,00:33:15,23,53
740,2022-04-28,00:34:20,23,54
741,2022-04-28,00:35:22,23,53
742,2022-04-28,00:36:23,23,53
743,2022-04-28,00:37:28,23,53
744,2022-04-28,00:38:31,23,53
745,2022-04-28,00:39:33,23,53
746,2022-04-28,00:40:36,23,53
747,2022-04-28,00:41:36,23,53
748,2022-04-28,00:42:37,23,54
749,2022-04-28,00:43:37,23,54
750,2022-04-28,00:44:40,23,54
751,2022-04-28,00:45:40,23,54
752,2022-04-28,00:46:41,23,54
753,2022-04-28,00:47:41,23,54
754,2022-04-28,00:48:43,23,54
755,2022-04-28,00:49:44,23,54
756,2022-04-28,00:50:44,23,54
757,2022-04-28,00:51:47,23,54
758,2022-04-28,00:52:47,23,54
759,2022-04-28,00:53:48,23,54
760,2022-04-28,00:54:48,23,54
761,2022-04-28,00:55:51,23,54
762,2022-04-28,00:56:56,23,54
763,2022-04-28,00:57:56,23,54
764,2022-04-28,00:58:57,23,54
765,2022-04-28,00:59:57,23,54
766,2022-04-28,01:01:00,23,54
767,2022-04-28,01:02:03,23,54
768,2022-04-28,01:03:03,23,54
769,2022-04-28,01:04:08,23,54
770,2022-04-28,01:05:09,23,54
771,2022-04-28,01:06:11,23,54
772,2022-04-28,01:07:11,23,54
773,2022-04-28,01:08:11,23,54
774,2022-04-28,01:09:12,23,54
775,2022-04-28,01:10:14,23,54
776,2022-04-28,01:11:14,23,54
777,2022-04-28,01:12:15,23,54
778,2022-04-28,01:13:15,23,54
779,2022-04-28,01:14:15,23,54
780,2022-04-28,01:15:16,23,54
781,2022-04-28,01:16:19,23,54
782,2022-04-28,01:17:19,23,54
783,2022-04-28,01:18:20,23,54
784,2022-04-28,01:19:20,23,54
785,2022-04-28,01:20:20,23,54
786,2022-04-28,01:21:20,23,54
787,2022-04-28,01:22:25,23,54
788,2022-04-28,01:23:28,23,54
789,2022-04-28,01:24:28,23,54
790,2022-04-28,01:25:29,23,54
791,2022-04-28,01:26:29,23,54
792,2022-04-28,01:27:29,23,54
793,2022-04-28,01:28:29,23,54
794,2022-04-28,01:29:32,23,54
795,2022-04-28,01:30:33,23,54
796,2022-04-28,01:31:34,23,54
797,2022-04-28,01:32:35,23,54
798,2022-04-28,01:33:39,23,54
799,2022-04-28,01:34:42,23,54
800,2022-04-28,01:35:42,23,54
801,2022-04-28,01:36:42,23,54
802,2022-04-28,01:37:43,23,54
803,2022-04-28,01:38:48,23,54
804,2022-04-28,01:39:48,23,54
805,2022-04-28,01:40:49,23,54
806,2022-04-28,01:41:52,23,54
807,2022-04-28,01:42:52,23,54
808,2022-04-28,01:43:52,23,54
809,2022-04-28,01:44:55,23,54
810,2022-04-28,01:45:55,23,54
811,2022-04-28,01:46:55,23,54
812,2022-04-28,01:47:55,23,54
813,2022-04-28,01:48:55,23,54
814,2022-04-28,01:49:59,23,54
815,2022-04-28,01:50:59,23,54
816,2022-04-28,01:52:01,23,54
817,2022-04-28,01:53:02,23,54
818,2022-04-28,01:54:02,23,54
819,2022-04-28,01:55:02,23,54
820,2022-04-28,01:56:02,23,54
821,2022-04-28,01:57:03,23,54
822,2022-04-28,01:58:03,23,54
823,2022-04-28,01:59:04,23,54
824,2022-04-28,02:00:04,23,54
825,2022-04-28,02:01:04,23,54
826,2022-04-28,02:02:05,23,54
827,2022-04-28,02:03:05,23,54
828,2022-04-28,02:04:05,23,54
829,2022-04-28,02:05:06,23,54
830,2022-04-28,02:06:06,23,54
831,2022-04-28,02:07:07,23,54
832,2022-04-28,02:08:07,23,54
833,2022-04-28,02:09:07,23,54
834,2022-04-28,02:10:10,23,54
835,2022-04-28,02:11:11,23,54
836,2022-04-28,02:12:11,23,54
837,2022-04-28,02:13:11,23,54
838,2022-04-28,02:14:12,23,54
839,2022-04-28,02:15:13,23,54
840,2022-04-28,02:16:13,23,54
841,2022-04-28,02:17:13,23,54
842,2022-04-28,02:18:14,23,54
843,2022-04-28,02:19:14,23,54
844,2022-04-28,02:20:14,23,54
845,2022-04-28,02:21:16,23,54
846,2022-04-28,02:22:17,23,54
847,2022-04-28,02:23:17,23,54
848,2022-04-28,02:24:17,23,54
849,2022-04-28,02:25:21,23,54
850,2022-04-28,02:26:21,23,54
851,2022-04-28,02:27:24,23,54
852,2022-04-28,02:28:24,23,54
853,2022-04-28,02:29:30,23,54
854,2022-04-28,02:30:33,23,54
855,2022-04-28,02:31:33,23,54
856,2022-04-28,02:32:33,23,54
857,2022-04-28,02:33:36,23,54
858,2022-04-28,02:34:38,23,54
859,2022-04-28,02:35:39,23,54
860,2022-04-28,02:36:39,23,54
861,2022-04-28,02:37:40,23,54
862,2022-04-28,02:38:41,23,54
863,2022-04-28,02:39:41,23,54
864,2022-04-28,02:40:42,23,54
865,2022-04-28,02:41:42,23,54
866,2022-04-28,02:42:45,23,54
867,2022-04-28,02:43:47,23,54
868,2022-04-28,02:44:48,23,54
869,2022-04-28,02:45:48,23,54
870,2022-04-28,02:46:51,23,54
871,2022-04-28,02:47:51,23,54
872,2022-04-28,02:48:52,23,54
873,2022-04-28,02:49:55,23,54
874,2022-04-28,02:50:55,23,54
875,2022-04-28,02:51:58,23,54
876,2022-04-28,02:52:58,23,54
877,2022-04-28,02:53:58,23,54
878,2022-04-28,02:54:58,23,54
879,2022-04-28,02:55:59,23,54
880,2022-04-28,02:56:59,23,54
881,2022-04-28,02:57:59,23,54
882,2022-04-28,02:58:59,23,54
883,2022-04-28,03:00:00,23,54
884,2022-04-28,03:01:01,23,54
885,2022-04-28,03:02:01,23,54
886,2022-04-28,03:03:04,23,52
887,2022-04-28,03:04:04,23,53
888,2022-04-28,03:05:04,23,53
889,2022-04-28,03:06:04,23,54
890,2022-04-28,03:07:05,23,54
891,2022-04-28,03:08:05,23,54
892,2022-04-28,03:09:07,23,54
893,2022-04-28,03:10:08,23,54
894,2022-04-28,03:11:08,23,54
895,2022-04-28,03:12:09,23,54
896,2022-04-28,03:13:11,23,54
897,2022-04-28,03:14:12,23,54
898,2022-04-28,03:15:14,23,54
899,2022-04-28,03:16:14,23,55
900,2022-04-28,03:17:17,23,55
901,2022-04-28,03:18:19,23,55
902,2022-04-28,03:19:20,23,55
903,2022-04-28,03:20:22,23,55
904,2022-04-28,03:21:25,23,55
905,2022-04-28,03:22:25,23,55
906,2022-04-28,03:23:25,23,55
907,2022-04-28,03:24:28,23,55
908,2022-04-28,03:25:30,23,55
909,2022-04-28,03:26:31,23,55
910,2022-04-28,03:27:36,23,55
911,2022-04-28,03:28:41,23,56
912,2022-04-28,03:29:44,23,56
913,2022-04-28,03:30:44,23,56
914,2022-04-28,03:31:44,23,56
915,2022-04-28,03:32:44,23,56
916,2022-04-28,03:33:47,23,56
917,2022-04-28,03:34:50,23,56
918,2022-04-28,03:35:50,23,56
919,2022-04-28,03:36:50,23,56
920,2022-04-28,03:37:50,23,57
921,2022-04-28,03:38:50,23,57
922,2022-04-28,03:39:50,23,57
923,2022-04-28,03:40:53,23,56
924,2022-04-28,03:41:53,23,56
925,2022-04-28,03:42:54,23,56
926,2022-04-28,03:43:54,23,56
927,2022-04-28,03:44:55,23,56
928,2022-04-28,03:45:57,23,56
929,2022-04-28,03:46:58,23,57
930,2022-04-28,03:47:58,23,56
931,2022-04-28,03:48:59,23,57
932,2022-04-28,03:50:01,23,57
933,2022-04-28,03:51:04,23,57
934,2022-04-28,03:52:07,23,57
935,2022-04-28,03:53:07,23,57
936,2022-04-28,03:54:07,23,57
937,2022-04-28,03:55:07,23,57
938,2022-04-28,03:56:08,23,57
939,2022-04-28,03:57:08,23,57
940,2022-04-28,03:58:08,23,57
941,2022-04-28,03:59:08,23,57
942,2022-04-28,04:00:13,23,57
943,2022-04-28,04:01:16,23,57
944,2022-04-28,04:02:16,23,57
945,2022-04-28,04:03:16,23,57
946,2022-04-28,04:04:16,23,57
947,2022-04-28,04:05:19,23,57
948,2022-04-28,04:06:19,23,57
949,2022-04-28,04:07:19,23,57
950,2022-04-28,04:08:19,23,57
951,2022-04-28,04:09:20,23,57
952,2022-04-28,04:10:22,23,57
953,2022-04-28,04:11:22,23,57
954,2022-04-28,04:12:25,23,57
955,2022-04-28,04:13:25,23,57
956,2022-04-28,04:14:25,23,57
957,2022-04-28,04:15:25,23,57
958,2022-04-28,04:16:25,23,57
959,2022-04-28,04:17:26,23,57
960,2022-04-28,04:18:26,23,57
961,2022-04-28,04:19:31,23,58
962,2022-04-28,04:20:31,23,58
963,2022-04-28,04:21:31,23,58
964,2022-04-28,04:22:32,23,58
965,2022-04-28,04:23:32,23,58
966,2022-04-28,04:24:33,23,58
967,2022-04-28,04:25:33,23,58
968,2022-04-28,04:26:34,23,58
969,2022-04-28,04:27:35,23,58
970,2022-04-28,04:28:35,23,58
971,2022-04-28,04:29:35,23,58
972,2022-04-28,04:30:38,23,58
973,2022-04-28,04:31:38,23,58
974,2022-04-28,04:32:41,23,58
975,2022-04-28,04:33:43,23,58
976,2022-04-28,04:34:44,23,59
977,2022-04-28,04:35:44,23,59
978,2022-04-28,04:36:44,23,58
979,2022-04-28,04:37:47,23,59
980,2022-04-28,04:38:50,23,59
981,2022-04-28,04:39:53,23,59
982,2022-04-28,04:40:53,23,59
983,2022-04-28,04:41:53,23,59
984,2022-04-28,04:42:56,23,59
985,2022-04-28,04:43:59,23,59
986,2022-04-28,04:45:04,23,59
987,2022-04-28,04:46:04,23,59
988,2022-04-28,04:47:05,23,59
989,2022-04-28,04:48:05,23,59
990,2022-04-28,04:49:05,23,59
991,2022-04-28,04:50:07,23,59
992,2022-04-28,04:51:07,23,59
993,2022-04-28,04:52:13,23,59
994,2022-04-28,04:53:13,23,59
995,2022-04-28,04:54:16,23,59
996,2022-04-28,04:55:16,23,59
997,2022-04-28,04:56:16,23,59
998,2022-04-28,04:57:17,23,59
999,2022-04-28,04:58:17,23,59
1000,2022-04-28,04:59:25,23,59
1001,2022-04-28,05:00:25,23,59
1002,2022-04-28,05:01:28,23,59
1003,2022-04-28,05:02:30,23,59
1004,2022-04-28,05:03:30,23,59
1005,2022-04-28,05:04:33,23,59
1006,2022-04-28,05:05:36,23,59
1007,2022-04-28,05:06:36,23,59
1008,2022-04-28,05:07:36,23,59
1009,2022-04-28,05:08:39,23,59
1010,2022-04-28,05:09:39,23,59
1011,2022-04-28,05:10:42,23,59
1012,2022-04-28,05:11:44,23,59
1013,2022-04-28,05:12:47,23,59
1014,2022-04-28,05:13:50,23,59
1015,2022-04-28,05:14:52,23,59
1016,2022-04-28,05:15:53,23,59
1017,2022-04-28,05:16:53,23,59
1018,2022-04-28,05:17:53,23,59
1019,2022-04-28,05:18:56,23,59
1020,2022-04-28,05:19:56,23,59
1021,2022-04-28,05:20:59,23,59
1022,2022-04-28,05:22:04,23,59
1023,2022-04-28,05:23:04,23,59
1024,2022-04-28,05:24:04,23,59
1025,2022-04-28,05:25:09,23,59
1026,2022-04-28,05:26:12,23,59
1027,2022-04-28,05:27:14,23,59
1028,2022-04-28,05:28:17,23,59
1029,2022-04-28,05:29:17,23,59
1030,2022-04-28,05:30:17,23,59
1031,2022-04-28,05:31:17,23,59
1032,2022-04-28,05:32:18,23,59
1033,2022-04-28,05:33:18,23,59
1034,2022-04-28,05:34:18,23,59
1035,2022-04-28,05:35:18,23,59
1036,2022-04-28,05:36:21,23,59
1037,2022-04-28,05:37:24,23,59
1038,2022-04-28,05:38:24,23,59
1039,2022-04-28,05:39:25,23,59
1040,2022-04-28,05:40:25,23,59
1041,2022-04-28,05:41:25,23,59
1042,2022-04-28,05:42:28,23,59
1043,2022-04-28,05:43:33,23,59
1044,2022-04-28,05:44:34,23,60
1045,2022-04-28,05:45:34,23,60
1046,2022-04-28,05:46:34,23,60
1047,2022-04-28,05:47:35,23,60
1048,2022-04-28,05:48:36,23,60
1049,2022-04-28,05:49:36,23,60
1050,2022-04-28,05:50:39,23,60
1051,2022-04-28,05:51:40,23,60
1052,2022-04-28,05:52:40,23,60
1053,2022-04-28,05:53:40,23,60
1054,2022-04-28,05:54:40,23,60
1055,2022-04-28,05:55:41,23,60
1056,2022-04-28,05:56:41,23,60
1057,2022-04-28,05:57:44,23,60
1058,2022-04-28,05:58:44,23,60
1059,2022-04-28,05:59:44,23,60
1060,2022-04-28,06:00:44,23,60
1061,2022-04-28,06:01:44,23,60
1062,2022-04-28,06:02:47,23,60
1063,2022-04-28,06:03:48,23,60
1064,2022-04-28,06:04:48,23,60
1065,2022-04-28,06:05:48,23,60
1066,2022-04-28,06:06:52,23,61
1067,2022-04-28,06:07:52,23,60
1068,2022-04-28,06:08:52,23,61
1069,2022-04-28,06:09:53,23,60
1070,2022-04-28,06:10:55,23,61
1071,2022-04-28,06:11:55,23,61
1072,2022-04-28,06:12:56,23,61
1073,2022-04-28,06:13:56,23,61
1074,2022-04-28,06:14:59,23,61
1075,2022-04-28,06:15:59,23,61
1076,2022-04-28,06:17:02,23,61
1077,2022-04-28,06:18:02,23,61
1078,2022-04-28,06:19:03,23,61
1079,2022-04-28,06:20:03,23,61
1080,2022-04-28,06:21:03,23,61
1081,2022-04-28,06:22:06,23,61
1082,2022-04-28,06:23:11,23,61
1083,2022-04-28,06:24:14,23,61
1084,2022-04-28,06:25:14,23,61
1085,2022-04-28,06:26:19,23,61
1086,2022-04-28,06:27:19,23,61
1087,2022-04-28,06:28:27,23,61
1088,2022-04-28,06:29:27,23,61
1089,2022-04-28,06:30:33,23,61
1090,2022-04-28,06:31:33,23,61
1091,2022-04-28,06:32:33,23,61
1092,2022-04-28,06:33:33,23,61
1093,2022-04-28,06:34:36,23,61
1094,2022-04-28,06:35:36,23,61
1095,2022-04-28,06:36:37,23,61
1096,2022-04-28,06:37:37,23,62
1097,2022-04-28,06:38:42,23,61
1098,2022-04-28,06:39:43,23,61
1099,2022-04-28,06:40:46,23,61
1100,2022-04-28,06:41:46,23,61
1101,2022-04-28,06:42:46,23,61
1102,2022-04-28,06:43:46,23,61
1103,2022-04-28,06:44:49,23,62
1104,2022-04-28,06:45:49,23,61
1105,2022-04-28,06:46:50,23,61
1106,2022-04-28,06:47:52,23,62
1107,2022-04-28,06:48:55,23,62
1108,2022-04-28,06:49:55,23,62
1109,2022-04-28,06:50:58,23,61
1110,2022-04-28,06:52:03,23,62
1111,2022-04-28,06:53:03,23,61
1112,2022-04-28,06:54:03,23,61
1113,2022-04-28,06:55:06,23,61
1114,2022-04-28,06:56:09,23,61
1115,2022-04-28,06:57:11,23,61
1116,2022-04-28,06:58:12,23,61
1117,2022-04-28,06:59:14,23,61
1118,2022-04-28,07:00:14,23,61
1119,2022-04-28,07:01:17,23,61
1120,2022-04-28,07:02:20,23,61
1121,2022-04-28,07:03:20,23,61
1122,2022-04-28,07:04:20,23,61
1123,2022-04-28,07:05:23,23,61
1124,2022-04-28,07:06:28,23,61
1125,2022-04-28,07:07:31,23,61
1126,2022-04-28,07:08:31,23,61
1127,2022-04-28,07:09:36,23,61
1128,2022-04-28,07:10:39,23,61
1129,2022-04-28,07:11:42,23,61
1130,2022-04-28,07:12:42,23,61
1131,2022-04-28,07:13:42,23,61
1132,2022-04-28,07:14:43,23,61
1133,2022-04-28,07:15:45,23,61
1134,2022-04-28,07:16:48,23,61
1135,2022-04-28,07:17:51,23,61
1136,2022-04-28,07:18:51,23,61
1137,2022-04-28,07:19:56,23,62
1138,2022-04-28,07:20:56,23,61
1139,2022-04-28,07:21:56,23,61
1140,2022-04-28,07:22:59,23,61
1141,2022-04-28,07:23:59,23,61
1142,2022-04-28,07:25:10,23,62
1143,2022-04-28,07:26:12,23,61
1144,2022-04-28,07:27:13,23,61
1145,2022-04-28,07:28:13,23,61
1146,2022-04-28,07:29:13,23,61
1147,2022-04-28,07:30:13,23,61
1148,2022-04-28,07:31:16,23,62
1149,2022-04-28,07:32:18,23,61
1150,2022-04-28,07:33:19,23,61
1151,2022-04-28,07:34:21,23,62
1152,2022-04-28,07:35:24,23,61
1153,2022-04-28,07:36:27,23,61
1154,2022-04-28,07:37:27,23,61
1155,2022-04-28,07:38:27,23,61
1156,2022-04-28,07:39:27,23,61
1157,2022-04-28,07:40:27,23,61
1158,2022-04-28,07:41:27,23,62
1159,2022-04-28,07:42:30,23,62
1160,2022-04-28,07:43:33,23,62
1161,2022-04-28,07:44:34,23,62
1162,2022-04-28,07:45:37,23,62
1163,2022-04-28,07:46:37,23,62
1164,2022-04-28,07:47:40,23,62
1165,2022-04-28,07:48:43,23,62
1166,2022-04-28,07:49:45,23,62
1167,2022-04-28,07:50:45,23,62
1168,2022-04-28,07:51:45,23,62
1169,2022-04-28,07:52:46,23,62
1170,2022-04-28,07:53:49,23,62
1171,2022-04-28,07:54:49,23,62
1172,2022-04-28,07:55:49,23,62
1173,2022-04-28,07:56:50,23,62
1174,2022-04-28,07:57:50,23,62
1175,2022-04-28,07:58:53,23,62
1176,2022-04-28,07:59:53,23,61
1177,2022-04-28,08:00:56,23,62
1178,2022-04-28,08:01:56,23,62
1179,2022-04-28,08:02:56,23,62
1180,2022-04-28,08:03:56,23,62
1181,2022-04-28,08:05:02,23,62
1182,2022-04-28,08:06:02,23,61
1183,2022-04-28,08:07:02,23,61
1184,2022-04-28,08:08:02,23,61
1185,2022-04-28,08:09:05,23,61
1186,2022-04-28,08:10:05,23,61
1187,2022-04-28,08:11:05,23,61
1188,2022-04-28,08:12:06,23,61
1189,2022-04-28,08:13:08,23,61
1190,2022-04-28,08:14:08,23,61
1191,2022-04-28,08:15:08,23,61
1192,2022-04-28,08:16:11,23,61
1193,2022-04-28,08:17:11,23,61
1194,2022-04-28,08:18:14,23,61
1195,2022-04-28,08:19:17,23,61
1196,2022-04-28,08:20:17,23,61
1197,2022-04-28,08:21:17,23,61
1198,2022-04-28,08:22:20,23,61
1199,2022-04-28,08:23:28,23,61
1200,2022-04-28,08:24:28,23,61
1201,2022-04-28,08:25:28,23,61
1202,2022-04-28,08:26:33,23,61
1203,2022-04-28,08:27:33,23,61
1204,2022-04-28,08:28:36,23,61
1205,2022-04-28,08:29:36,23,61
1206,2022-04-28,08:30:36,23,61
1207,2022-04-28,08:31:39,23,61
1208,2022-04-28,08:32:42,23,61
1209,2022-04-28,08:33:42,23,61
1210,2022-04-28,08:34:42,23,61
1211,2022-04-28,08:35:45,23,61
1212,2022-04-28,08:36:48,23,61
1213,2022-04-28,08:37:48,23,61
1214,2022-04-28,08:38:48,23,61
1215,2022-04-28,08:39:56,23,61
1216,2022-04-28,08:40:56,23,61
1217,2022-04-28,08:42:01,23,61
1218,2022-04-28,08:43:04,23,61
1219,2022-04-28,08:44:04,23,61
1220,2022-04-28,08:45:04,23,61
1221,2022-04-28,08:46:04,23,61
1222,2022-04-28,08:47:04,23,61
1223,2022-04-28,08:48:04,23,61
1224,2022-04-28,08:49:07,23,61
1225,2022-04-28,08:50:07,23,61
1226,2022-04-28,08:51:10,23,61
1227,2022-04-28,08:52:10,23,61
1228,2022-04-28,08:53:12,23,61
1229,2022-04-28,08:54:15,23,61
1230,2022-04-28,08:55:15,23,61
1231,2022-04-28,08:56:15,23,61
1232,2022-04-28,08:57:15,23,61
1233,2022-04-28,08:58:15,23,61
1234,2022-04-28,08:59:16,23,61
1235,2022-04-28,09:00:16,23,61
1236,2022-04-28,09:01:22,23,61
1237,2022-04-28,09:02:22,23,61
1238,2022-04-28,09:03:25,23,61
1239,2022-04-28,09:04:25,23,61
1240,2022-04-28,09:05:25,23,61
1241,2022-04-28,09:06:28,23,61
1242,2022-04-28,09:07:28,23,61
1243,2022-04-28,09:08:30,23,61
1244,2022-04-28,09:09:31,23,61
1245,2022-04-28,09:10:31,23,61
1246,2022-04-28,09:11:38,23,61
1247,2022-04-28,09:12:38,23,61
1248,2022-04-28,09:13:39,23,61
1249,2022-04-28,09:14:39,23,61
1250,2022-04-28,09:15:39,23,61
1251,2022-04-28,09:16:39,23,61
1252,2022-04-28,09:17:39,23,61
1253,2022-04-28,09:18:42,23,61
1254,2022-04-28,09:19:42,23,61
1255,2022-04-28,09:20:44,23,61
1256,2022-04-28,09:21:45,23,61
1257,2022-04-28,09:22:45,23,61
1258,2022-04-28,09:23:47,23,61
1259,2022-04-28,09:24:48,23,61
1260,2022-04-28,09:25:53,23,61
1261,2022-04-28,09:26:53,23,61
1262,2022-04-28,09:27:53,23,61
1263,2022-04-28,09:28:59,23,61
1264,2022-04-28,09:30:04,23,61
1265,2022-04-28,09:31:04,23,61
1266,2022-04-28,09:32:07,23,61
1267,2022-04-28,09:33:07,23,61
1268,2022-04-28,09:34:07,23,61
1269,2022-04-28,09:35:08,23,61
1270,2022-04-28,09:36:10,23,61
1271,2022-04-28,09:37:10,23,61
1272,2022-04-28,09:38:13,23,61
1273,2022-04-28,09:39:13,23,61
1274,2022-04-28,09:40:13,23,61
1275,2022-04-28,09:41:14,23,61
1276,2022-04-28,09:42:14,23,61
1277,2022-04-28,09:43:14,23,61
1278,2022-04-28,09:44:14,23,61
1279,2022-04-28,09:45:14,23,61
1280,2022-04-28,09:46:14,23,61
1281,2022-04-28,09:47:14,23,61
1282,2022-04-28,09:48:17,23,61
1283,2022-04-28,09:49:19,23,61
1284,2022-04-28,09:50:19,23,61
1285,2022-04-28,09:51:20,23,61
1286,2022-04-28,09:52:28,23,61
1287,2022-04-28,09:53:28,23,61
1288,2022-04-28,09:54:28,23,61
1289,2022-04-28,09:55:28,23,61
1290,2022-04-28,09:56:28,23,61
1291,2022-04-28,09:57:29,23,61
1292,2022-04-28,09:58:29,23,61
1293,2022-04-28,09:59:29,23,61
1294,2022-04-28,10:00:29,23,61
1295,2022-04-28,10:01:30,23,61
1296,2022-04-28,10:02:33,23,62
1297,2022-04-28,10:03:33,23,61
1298,2022-04-28,10:04:33,23,62
1299,2022-04-28,10:05:34,23,61
1300,2022-04-28,10:06:34,23,62
1301,2022-04-28,10:07:34,23,61
1302,2022-04-28,10:08:35,23,61
1303,2022-04-28,10:09:35,23,61
1304,2022-04-28,10:10:35,23,61
1305,2022-04-28,10:11:35,23,61
1306,2022-04-28,10:12:38,23,61
1307,2022-04-28,10:13:38,23,61
1308,2022-04-28,10:14:41,23,61
1309,2022-04-28,10:15:41,23,61
1310,2022-04-28,10:16:41,23,61
1311,2022-04-28,10:17:44,23,61
1312,2022-04-28,10:18:46,23,61
1313,2022-04-28,10:19:47,23,61
1314,2022-04-28,10:20:47,23,61
1315,2022-04-28,10:21:47,23,61
1316,2022-04-28,10:22:50,23,61
1317,2022-04-28,10:23:53,23,61
1318,2022-04-28,10:24:53,23,61
1319,2022-04-28,10:26:00,23,61
1320,2022-04-28,10:27:01,23,61
1321,2022-04-28,10:28:04,23,61
1322,2022-04-28,10:29:06,23,61
1323,2022-04-28,10:30:06,23,61
1324,2022-04-28,10:31:07,23,61
1325,2022-04-28,10:32:07,23,61
1326,2022-04-28,10:33:07,23,61
1327,2022-04-28,10:34:07,23,61
1328,2022-04-28,10:35:08,23,61
1329,2022-04-28,10:36:08,23,61
1330,2022-04-28,10:37:08,23,61
1331,2022-04-28,10:38:08,23,61
1332,2022-04-28,10:39:09,23,62
1333,2022-04-28,10:40:09,23,61
1334,2022-04-28,10:41:12,23,62
1335,2022-04-28,10:42:12,23,62
1336,2022-04-28,10:43:15,23,62
1337,2022-04-28,10:44:16,23,62
1338,2022-04-28,10:45:16,23,62
1339,2022-04-28,10:46:17,23,62
1340,2022-04-28,10:47:17,23,61
1341,2022-04-28,10:48:20,23,61
1342,2022-04-28,10:49:22,23,61
1343,2022-04-28,10:50:25,23,61
1344,2022-04-28,10:51:25,23,61
1345,2022-04-28,10:52:25,23,61
1346,2022-04-28,10:53:28,23,61
1347,2022-04-28,10:54:31,23,61
1348,2022-04-28,10:55:31,23,61
1349,2022-04-28,10:56:33,23,61
1350,2022-04-28,10:57:36,23,61
1351,2022-04-28,10:58:37,23,61
1352,2022-04-28,10:59:44,23,61
1353,2022-04-28,11:00:44,23,61
1354,2022-04-28,11:01:44,23,61
1355,2022-04-28,11:02:44,23,61
1356,2022-04-28,11:03:47,23,61
1357,2022-04-28,11:04:48,23,61
1358,2022-04-28,11:05:50,23,61
1359,2022-04-28,11:06:50,23,61
1360,2022-04-28,11:07:50,23,61
1361,2022-04-28,11:08:55,23,61
1362,2022-04-28,11:09:58,23,61
1363,2022-04-28,11:10:58,23,61
1364,2022-04-28,11:11:58,23,61
1365,2022-04-28,11:12:59,23,61
1366,2022-04-28,11:14:01,23,59
1367,2022-04-28,11:15:04,23,58
1368,2022-04-28,11:16:08,23,56
1369,2022-04-28,11:17:08,23,55
1370,2022-04-28,11:18:08,23,54
1371,2022-04-28,11:19:08,23,53
1372,2022-04-28,11:20:08,23,52
1373,2022-04-28,11:21:11,23,51
1374,2022-04-28,11:22:12,23,50
1375,2022-04-28,11:23:12,23,50
1376,2022-04-28,11:24:17,23,49
1377,2022-04-28,11:25:25,23,48
1378,2022-04-28,11:26:25,23,48
1379,2022-04-28,11:27:28,23,47
1380,2022-04-28,11:28:28,23,46
1381,2022-04-28,11:29:28,23,45
1382,2022-04-28,11:30:28,23,44
1383,2022-04-28,11:31:29,23,44
1384,2022-04-28,11:32:29,23,44
1385,2022-04-28,11:33:34,23,43
1386,2022-04-28,11:34:35,23,43
1387,2022-04-28,11:35:35,23,43
1388,2022-04-28,11:36:35,23,42
1389,2022-04-28,11:37:35,23,42
1390,2022-04-28,11:38:36,23,42
1391,2022-04-28,11:39:36,23,41
1392,2022-04-28,11:40:36,23,41
1393,2022-04-28,11:41:37,23,41
1394,2022-04-28,11:42:40,23,40
1395,2022-04-28,11:43:42,23,41
1396,2022-04-28,11:44:42,23,40
1397,2022-04-28,11:45:42,23,41
1398,2022-04-28,11:46:45,23,39
1399,2022-04-28,11:47:45,23,39
1400,2022-04-28,11:48:48,23,39
1401,2022-04-28,11:49:49,23,39
1402,2022-04-28,11:50:49,23,39
1403,2022-04-28,11:51:54,23,39
1404,2022-04-28,11:52:55,23,39
1405,2022-04-28,11:53:55,23,38
1406,2022-04-28,11:54:55,23,39
1407,2022-04-28,11:55:58,23,39
1408,2022-04-28,11:56:58,23,39
1409,2022-04-28,11:57:59,23,39
1410,2022-04-28,11:58:59,23,38
1411,2022-04-28,11:59:59,23,38
1412,2022-04-28,12:01:00,23,38
1413,2022-04-28,12:02:00,23,38
1414,2022-04-28,12:03:01,23,38
1415,2022-04-28,12:04:01,23,38
1416,2022-04-28,12:05:04,23,38