963,2022-04-29,11:56:14,23,43
964,2022-04-29,11:57:14,23,43
965,2022-04-29,11:58:17,23,43
966,2022-04-29,11:59:17,23,43
967,2022-04-29,12:00:17,23,43
968,2022-04-29,12:01:17,23,43
969,2022-04-29,12:02:17,23,42
970,2022-04-29,12:03:20,23,42
971,2022-04-29,12:04:23,23,41
972,2022-04-29,12:05:28,23,41
973,2022-04-29,12:06:28,23,41
974,2022-04-29,12:07:43,23,41
975,2022-04-29,12:08:44,23,41
976,2022-04-29,12:09:46,23,41
977,2022-04-29,12:10:49,23,40
978,2022-04-29,12:11:49,23,40
979,2022-04-29,12:12:49,23,40
980,2022-04-29,12:13:50,23,40
981,2022-04-29,12:14:50,23,40
982,2022-04-29,12:15:50,23,40
983,2022-04-29,12:16:50,23,39
984,2022-04-29,12:17:51,23,40
985,2022-04-29,12:18:51,23,40
986,2022-04-29,12:19:51,23,40
987,2022-04-29,12:20:54,23,39
988,2022-04-29,12:21:54,23,39
989,2022-04-29,12:22:57,23,40
990,2022-04-29,12:23:57,23,40
991,2022-04-29,12:25:02,23,40
992,2022-04-29,12:26:03,23,40
993,2022-04-29,12:27:06,23,40
994,2022-04-29,12:28:11,23,39
995,2022-04-29,12:29:11,23,39
996,2022-04-29,12:30:11,23,39
997,2022-04-29,12:31:14,23,39
998,2022-04-29,12:32:16,23,39
999,2022-04-29,12:33:16,23,39
1000,2022-04-29,12:34:19,23,39
1001,2022-04-29,12:35:22,23,39
1002,2022-04-29,12:36:22,23,39
1003,2022-04-29,12:37:27,23,39
1004,2022-04-29,12:38:27,23,39
1005,2022-04-29,12:39:30,23,39
1006,2022-04-29,12:40:33,23,39
1007,2022-04-29,12:41:33,23,39
1008,2022-04-29,12:42:35,23,39
1009,2022-04-29,12:43:36,23,39
1010,2022-04-29,12:44:38,23,39
1011,2022-04-29,12:45:39,23,39
1012,2022-04-29,12:46:39,23,39
1013,2022-04-29,12:47:39,23,39
1014,2022-04-29,12:48:42,23,39
1015,2022-04-29,12:49:44,23,38
1016,2022-04-29,12:50:47,23,38
1017,2022-04-29,12:51:49,23,38
1018,2022-04-29,12:52:50,23,38
1019,2022-04-29,12:53:52,23,38
1020,2022-04-29,12:54:57,23,38
1021,2022-04-29,12:55:58,23,38
1022,2022-04-29,12:56:59,23,38
1023,2022-04-29,12:57:59,23,38
1024,2022-04-29,12:58:59,23,38
1025,2022-04-29,13:00:00,23,38
1026,2022-04-29,13:01:00,23,38
1027,2022-04-29,13:02:03,23,38
1028,2022-04-29,13:03:03,23,38
1029,2022-04-29,13:04:05,23,38
1030,2022-04-29,13:05:08,23,38
1031,2022-04-29,13:06:08,23,37
1032,2022-04-29,13:07:08,23,37
1033,2022-04-29,13:08:09,23,37
1034,2022-04-29,13:09:09,23,37
1035,2022-04-29,13:10:09,23,37
1036,2022-04-29,13:11:09,23,37
1037,2022-04-29,13:12:09,23,37
1038,2022-04-29,13:13:09,23,37
1039,2022-04-29,13:14:09,23,37
1040,2022-04-29,13:15:10,23,37
1041,2022-04-29,13:16:10,23,37
1042,2022-04-29,13:17:15,23,37
1043,2022-04-29,13:18:15,23,36
1044,2022-04-29,13:19:15,23,36
1045,2022-04-29,13:20:16,23,36
1046,2022-04-29,13:21:16,23,36
1047,2022-04-29,13:22:19,23,36
1048,2022-04-29,13:23:19,23,35
1049,2022-04-29,13:24:19,23,35
1050,2022-04-29,13:25:22,23,35
1051,2022-04-29,13:26:25,23,35
1052,2022-04-29,13:27:25,23,34
1053,2022-04-29,13:28:25,23,34
1054,2022-04-29,13:29:25,23,34
1055,2022-04-29,13:30:25,23,35
1056,2022-04-29,13:31:33,23,35
1057,2022-04-29,13:32:33,23,35
1058,2022-04-29,13:33:33,23,35
1059,2022-04-29,13:34:33,23,35
1060,2022-04-29,13:35:33,23,35
1061,2022-04-29,13:36:36,23,35
1062,2022-04-29,13:37:36,23,35
1063,2022-04-29,13:38:36,23,36
1064,2022-04-29,13:39:36,23,36
1065,2022-04-29,13:40:37,23,35
1066,2022-04-29,13:41:37,23,36
1067,2022-04-29,13:42:40,23,36
1068,2022-04-29,13:43:42,23,36
1069,2022-04-29,13:44:45,23,37
1070,2022-04-29,13:45:48,23,36
1071,2022-04-29,13:46:48,23,37
1072,2022-04-29,13:47:53,23,37
1073,2022-04-29,13:48:53,23,37
1074,2022-04-29,13:49:53,23,37
1075,2022-04-29,13:50:56,23,37
1076,2022-04-29,13:51:56,23,37
1077,2022-04-29,13:53:01,23,37
1078,2022-04-29,13:54:01,23,37
1079,2022-04-29,13:55:01,23,37
1080,2022-04-29,13:56:01,23,37
1081,2022-04-29,13:57:02,23,37
1082,2022-04-29,13:58:02,23,37
1083,2022-04-29,13:59:04,23,37
1084,2022-04-29,14:00:12,23,37
1085,2022-04-29,14:01:15,23,37
1086,2022-04-29,14:02:15,23,37
1087,2022-04-29,14:03:15,23,37
1088,2022-04-29,14:04:15,23,37
1089,2022-04-29,14:05:15,23,37
1090,2022-04-29,14:06:18,23,37
1091,2022-04-29,14:07:18,23,37
1092,2022-04-29,14:08:26,23,37
1093,2022-04-29,14:09:26,23,37
1094,2022-04-29,14:10:31,23,37
1095,2022-04-29,14:11:31,23,37
1096,2022-04-29,14:12:34,23,37
1097,2022-04-29,14:13:36,23,37
1098,2022-04-29,14:14:39,23,37
1099,2022-04-29,14:15:39,23,37
1100,2022-04-29,14:16:42,23,37
1101,2022-04-29,14:17:42,23,37
1102,2022-04-29,14:18:42,23,37
1103,2022-04-29,14:19:45,23,37
1104,2022-04-29,14:20:45,23,38
1105,2022-04-29,14:21:50,23,38
1106,2022-04-29,14:22:53,23,38
1107,2022-04-29,14:23:55,23,38
1108,2022-04-29,14:24:58,23,38
1109,2022-04-29,14:25:58,23,38
1110,2022-04-29,14:27:01,23,38
1111,2022-04-29,14:28:04,23,38
1112,2022-04-29,14:29:04,23,38
1113,2022-04-29,14:30:04,23,38
1114,2022-04-29,14:31:10,23,38
1115,2022-04-29,14:32:10,23,38
1116,2022-04-29,14:33:13,23,38
1117,2022-04-29,14:34:13,23,38
1118,2022-04-29,14:35:13,23,38
1119,2022-04-29,14:36:13,23,38
1120,2022-04-29,14:37:16,23,38
1121,2022-04-29,14:38:17,23,38
1122,2022-04-29,14:39:17,23,38
1123,2022-04-29,14:40:17,23,37
1124,2022-04-29,14:41:17,23,36
1125,2022-04-29,14:42:17,23,36
1126,2022-04-29,14:43:18,23,36
1127,2022-04-29,14:44:18,23,36
1128,2022-04-29,14:45:18,23,36
1129,2022-04-29,14:46:18,23,35
1130,2022-04-29,14:47:18,23,35
1131,2022-04-29,14:48:19,23,35
1132,2022-04-29,14:49:19,23,35
1133,2022-04-29,14:50:19,23,35
1134,2022-04-29,14:51:19,23,35
1135,2022-04-29,14:52:22,23,35
1136,2022-04-29,14:53:22,23,34
1137,2022-04-29,14:54:25,23,34
1138,2022-04-29,14:55:26,23,34
1139,2022-04-29,14:56:26,23,35
1140,2022-04-29,14:57:26,23,35
1141,2022-04-29,14:58:26,23,34
1142,2022-04-29,14:59:26,23,34
1143,2022-04-29,15:00:27,23,34
1144,2022-04-29,15:01:27,23,34
1145,2022-04-29,15:02:28,23,34
1146,2022-04-29,15:03:28,23,34
1147,2022-04-29,15:04:29,23,34
1148,2022-04-29,15:05:29,23,34
1149,2022-04-29,15:06:29,23,34
1150,2022-04-29,15:07:29,23,34
1151,2022-04-29,15:08:29,23,34
1152,2022-04-29,15:09:29,23,34
1153,2022-04-29,15:10:29,23,34
1154,2022-04-29,15:11:32,23,34
1155,2022-04-29,15:12:34,23,34
1156,2022-04-29,15:13:35,23,34
1157,2022-04-29,15:14:40,23,34
1158,2022-04-29,15:15:40,23,34
1159,2022-04-29,15:16:43,23,34
1160,2022-04-29,15:17:44,23,34
1161,2022-04-29,15:18:47,23,34
1162,2022-04-29,15:19:49,23,34
1163,2022-04-29,15:20:49,23,34
1164,2022-04-29,15:21:50,23,34
1165,2022-04-29,15:22:53,23,34
1166,2022-04-29,15:23:53,23,34
1167,2022-04-29,15:24:53,23,34
1168,2022-04-29,15:25:56,23,34
1169,2022-04-29,15:26:58,23,34
1170,2022-04-29,15:28:01,23,34
1171,2022-04-29,15:29:04,23,35
1172,2022-04-29,15:30:06,23,35
1173,2022-04-29,15:31:06,23,35
1174,2022-04-29,15:32:06,23,35
1175,2022-04-29,15:33:12,23,35
1176,2022-04-29,15:34:14,23,36
1177,2022-04-29,15:35:19,23,36
1178,2022-04-29,15:36:20,23,36
1179,2022-04-29,15:37:20,23,36
1180,2022-04-29,15:38:20,23,36
1181,2022-04-29,15:39:20,23,36
1182,2022-04-29,15:40:23,23,36
1183,2022-04-29,15:41:23,23,36
1184,2022-04-29,15:42:26,23,36
1185,2022-04-29,15:43:26,23,37
1186,2022-04-29,15:44:26,23,37
1187,2022-04-29,15:45:29,23,37
1188,2022-04-29,15:46:29,23,37
1189,2022-04-29,15:47:34,23,37
1190,2022-04-29,15:48:34,23,37
1191,2022-04-29,15:49:35,23,37
1192,2022-04-29,15:50:35,23,37
1193,2022-04-29,15:51:37,23,37
1194,2022-04-29,15:52:37,23,37
1195,2022-04-29,15:53:38,23,37
1196,2022-04-29,15:54:38,23,37
1197,2022-04-29,15:55:38,23,37
1198,2022-04-29,15:56:43,23,36
1199,2022-04-29,15:57:46,23,37
1200,2022-04-29,15:58:46,23,37
1201,2022-04-29,15:59:49,23,37
1202,2022-04-29,16:00:49,23,37
1203,2022-04-29,16:01:49,23,37
1204,2022-04-29,16:02:49,23,38
1205,2022-04-29,16:03:50,23,38
1206,2022-04-29,16:04:55,23,38
1207,2022-04-29,16:05:55,23,38
1208,2022-04-29,16:06:55,23,38
1209,2022-04-29,16:08:00,23,38
1210,2022-04-29,16:09:00,23,38
1211,2022-04-29,16:10:01,23,38
1212,2022-04-29,16:11:01,23,38
1213,2022-04-29,16:12:01,23,38
1214,2022-04-29,16:13:04,23,38
1215,2022-04-29,16:14:04,23,38
1216,2022-04-29,16:15:04,23,38
1217,2022-04-29,16:16:04,23,38
1218,2022-04-29,16:17:04,23,38
1219,2022-04-29,16:18:08,23,38
1220,2022-04-29,16:19:10,23,38
1221,2022-04-29,16:20:13,23,38
1222,2022-04-29,16:21:13,23,38
1223,2022-04-29,16:22:13,23,38
1224,2022-04-29,16:23:16,23,38
1225,2022-04-29,16:24:16,23,38
1226,2022-04-29,16:25:16,23,38
1227,2022-04-29,16:26:16,23,38
1228,2022-04-29,16:27:16,23,38
1229,2022-04-29,16:28:17,23,38
1230,2022-04-29,16:29:17,23,38
1231,2022-04-29,16:30:18,23,38
1232,2022-04-29,16:31:18,23,38
1233,2022-04-29,16:32:23,23,38
1234,2022-04-29,16:33:23,23,38
1235,2022-04-29,16:34:23,23,38
1236,2022-04-29,16:35:23,23,38
1237,2022-04-29,16:36:24,23,38
1238,2022-04-29,16:37:24,23,38
1239,2022-04-29,16:38:24,23,38
1240,2022-04-29,16:39:24,23,38
1241,2022-04-29,16:40:27,23,38
1242,2022-04-29,16:41:27,23,38
1243,2022-04-29,16:42:27,23,38
1244,2022-04-29,16:43:30,23,39
1245,2022-04-29,16:44:32,23,39
1246,2022-04-29,16:45:32,23,38
1247,2022-04-29,16:46:33,23,38
1248,2022-04-29,16:47:33,23,38
1249,2022-04-29,16:48:33,23,39
1250,2022-04-29,16:49:33,23,38
1251,2022-04-29,16:50:34,23,39
1252,2022-04-29,16:51:34,23,39
1253,2022-04-29,16:52:34,23,39
1254,2022-04-29,16:53:34,23,39
1255,2022-04-29,16:54:34,23,39
1256,2022-04-29,16:55:35,23,39
1257,2022-04-29,16:56:35,23,38
1258,2022-04-29,16:57:40,23,38
1259,2022-04-29,16:58:40,23,38
1260,2022-04-29,16:59:41,23,39
1261,2022-04-29,17:00:41,23,38
1262,2022-04-29,17:01:41,23,38
1263,2022-04-29,17:02:41,23,38
1264,2022-04-29,17:03:44,23,38
1265,2022-04-29,17:04:45,23,38
1266,2022-04-29,17:05:47,23,38
1267,2022-04-29,17:06:47,23,38
1268,2022-04-29,17:07:48,23,38
1269,2022-04-29,17:08:50,23,38
1270,2022-04-29,17:09:50,23,38
1271,2022-04-29,17:10:53,23,38
1272,2022-04-29,17:11:56,23,38
1273,2022-04-29,17:13:01,23,38
1274,2022-04-29,17:14:01,23,38
1275,2022-04-29,17:15:06,23,38
1276,2022-04-29,17:16:09,23,38
1277,2022-04-29,17:17:09,23,38
1278,2022-04-29,17:18:09,23,38
1279,2022-04-29,17:19:09,23,38
1280,2022-04-29,17:20:12,23,38
1281,2022-04-29,17:21:12,23,38
1282,2022-04-29,17:22:17,23,38
1283,2022-04-29,17:23:17,23,38
1284,2022-04-29,17:24:17,23,38
1285,2022-04-29,17:25:18,23,38
1286,2022-04-29,17:26:18,23,38
1287,2022-04-29,17:27:18,23,38
1288,2022-04-29,17:28:23,23,38
1289,2022-04-29,17:29:24,23,38
1290,2022-04-29,17:30:26,23,38
1291,2022-04-29,17:31:31,23,38
1292,2022-04-29,17:32:32,23,38
1293,2022-04-29,17:33:34,23,38
1294,2022-04-29,17:34:34,23,38
1295,2022-04-29,17:35:35,23,38
1296,2022-04-29,17:36:35,23,38
1297,2022-04-29,17:37:37,23,38
1298,2022-04-29,17:38:38,23,38
1299,2022-04-29,17:39:38,23,38
1300,2022-04-29,17:40:38,23,38
1301,2022-04-29,17:41:38,23,38
1302,2022-04-29,17:42:41,23,38
1303,2022-04-29,17:43:43,23,38
1304,2022-04-29,17:44:43,23,38
1305,2022-04-29,17:45:46,23,38
1306,2022-04-29,17:46:47,23,38
1307,2022-04-29,17:47:47,23,38
1308,2022-04-29,17:48:47,23,38
1309,2022-04-29,17:49:47,23,38
1310,2022-04-29,17:50:48,23,38
1311,2022-04-29,17:51:48,23,38
1312,2022-04-29,17:52:48,23,38
1313,2022-04-29,17:53:51,23,38
1314,2022-04-29,17:54:54,23,38
1315,2022-04-29,17:55:56,23,38
1316,2022-04-29,17:56:59,23,38
1317,2022-04-29,17:58:00,23,38
1318,2022-04-29,17:59:02,23,38
1319,2022-04-29,18:00:02,23,38
1320,2022-04-29,18:01:05,23,38
1321,2022-04-29,18:02:05,23,38
1322,2022-04-29,18:03:05,23,38
1323,2022-04-29,18:04:08,23,38
1324,2022-04-29,18:05:08,23,38
1325,2022-04-29,18:06:11,23,38
1326,2022-04-29,18:07:11,23,38
1327,2022-04-29,18:08:11,23,38
1328,2022-04-29,18:09:11,23,38
1329,2022-04-29,18:10:16,23,38
1330,2022-04-29,18:11:19,23,38
1331,2022-04-29,18:12:19,23,38
1332,2022-04-29,18:13:19,23,38
1333,2022-04-29,18:14:19,23,38
1334,2022-04-29,18:15:20,23,38
1335,2022-04-29,18:16:20,23,38
1336,2022-04-29,18:17:20,23,38
1337,2022-04-29,18:18:20,23,38
1338,2022-04-29,18:19:20,23,38
1339,2022-04-29,18:20:23,23,38
1340,2022-04-29,18:21:23,23,38
1341,2022-04-29,18:22:23,23,38
1342,2022-04-29,18:23:24,23,38
1343,2022-04-29,18:24:24,23,38
1344,2022-04-29,18:25:24,23,38
1345,2022-04-29,18:26:25,23,38
1346,2022-04-29,18:27:25,23,38
1347,2022-04-29,18:28:28,23,38
1348,2022-04-29,18:29:28,23,38
1349,2022-04-29,18:30:30,23,38
1350,2022-04-29,18:31:31,23,38
1351,2022-04-29,18:32:31,23,38
1352,2022-04-29,18:33:31,23,38
1353,2022-04-29,18:34:36,23,38
1354,2022-04-29,18:35:36,23,38
1355,2022-04-29,18:36:36,23,38
1356,2022-04-29,18:37:36,23,38
1357,2022-04-29,18:38:39,23,38
1358,2022-04-29,18:39:39,23,38
1359,2022-04-29,18:40:44,23,38
1360,2022-04-29,18:41:44,23,38
1361,2022-04-29,18:42:45,23,38
1362,2022-04-29,18:43:45,23,38
1363,2022-04-29,18:44:45,23,38
1364,2022-04-29,18:45:45,23,38
1365,2022-04-29,18:46:45,23,38
1366,2022-04-29,18:47:45,23,38
1367,2022-04-29,18:48:46,23,38
1368,2022-04-29,18:49:46,23,38
1369,2022-04-29,18:50:46,23,38
1370,2022-04-29,18:51:46,23,38
1371,2022-04-29,18:52:46,23,38
1372,2022-04-29,18:53:49,23,38
1373,2022-04-29,18:54:59,23,38
1374,2022-04-29,18:56:00,23,38
1375,2022-04-29,18:57:00,23,38
1376,2022-04-29,18:58:00,23,38
1377,2022-04-29,18:59:03,23,38
1378,2022-04-29,19:00:03,23,38
1379,2022-04-29,19:01:03,23,38
1380,2022-04-29,19:02:06,23,38
1381,2022-04-29,19:03:07,23,38
1382,2022-04-29,19:04:07,23,38
1383,2022-04-29,19:05:09,23,38
1384,2022-04-29,19:06:10,23,38
1385,2022-04-29,19:07:12,23,38
1386,2022-04-29,19:08:12,23,38
1387,2022-04-29,19:09:13,23,38
1388,2022-04-29,19:10:13,23,38
1389,2022-04-29,19:11:13,23,38
1390,2022-04-29,19:12:13,23,38
1391,2022-04-29,19:13:14,23,38
1392,2022-04-29,19:14:16,23,38
1393,2022-04-29,19:15:16,23,38
1394,2022-04-29,19:16:19,23,38
1395,2022-04-29,19:17:22,23,38
1396,2022-04-29,19:18:22,23,38
1397,2022-04-29,19:19:22,23,38
1398,2022-04-29,19:20:22,23,38
1399,2022-04-29,19:21:27,23,38
1400,2022-04-29,19:22:28,23,38
1401,2022-04-29,19:23:29,23,38
1402,2022-04-29,19:24:31,23,38
1403,2022-04-29,19:25:31,23,38
1404,2022-04-29,19:26:31,23,39
1405,2022-04-29,19:27:31,23,39
1406,2022-04-29,19:28:34,23,39
1407,2022-04-29,19:29:34,23,38
1408,2022-04-29,19:30:34,23,39
1409,2022-04-29,19:31:34,23,39
1410,2022-04-29,19:32:34,23,39
1411,2022-04-29,19:33:34,23,38
1412,2022-04-29,19:34:35,23,38
1413,2022-04-29,19:35:37,23,39
1414,2022-04-29,19:36:40,23,39
1415,2022-04-29,19:37:41,23,39
1416,2022-04-29,19:38:41,23,39
1417,2022-04-29,19:39:41,23,39
1418,2022-04-29,19:40:44,23,39
1419,2022-04-29,19:41:47,23,39
1420,2022-04-29,19:42:47,23,39
1421,2022-04-29,19:43:47,23,39
1422,2022-04-29,19:44:50,23,39
1423,2022-04-29,19:45:50,23,39
1424,2022-04-29,19:46:50,23,39
1425,2022-04-29,19:47:55,23,39
1426,2022-04-29,19:49:00,23,39
1427,2022-04-29,19:50:03,23,39
1428,2022-04-29,19:51:05,23,39
1429,2022-04-29,19:52:06,23,39
1430,2022-04-29,19:53:06,23,39
1431,2022-04-29,19:54:06,23,39
1432,2022-04-29,19:55:06,23,39
1433,2022-04-29,19:56:06,23,39
1434,2022-04-29,19:57:06,23,39
1435,2022-04-29,19:58:06,23,39
1436,2022-04-29,19:59:09,23,39
1437,2022-04-29,20:00:09,23,39
1438,2022-04-29,20:01:09,23,39
1439,2022-04-29,20:02:12,23,39
1440,2022-04-29,20:03:12,23,39
1441,2022-04-29,20:04:17,23,39
1442,2022-04-29,20:05:20,23,39
1443,2022-04-29,20:06:20,23,39
1444,2022-04-29,20:07:20,23,39
1445,2022-04-29,20:08:25,23,39
1446,2022-04-29,20:09:26,23,39
1447,2022-04-29,20:10:26,23,39
1448,2022-04-29,20:11:26,23,39
1449,2022-04-29,20:12:29,23,39
1450,2022-04-29,20:13:29,23,39
1451,2022-04-29,20:14:32,23,39
1452,2022-04-29,20:15:32,23,39
1453,2022-04-29,20:16:34,23,39
1454,2022-04-29,20:17:34,23,39
1455,2022-04-29,20:18:37,23,39
1456,2022-04-29,20:19:42,23,39
1457,2022-04-29,20:20:42,23,39
1458,2022-04-29,20:21:45,23,39
1459,2022-04-29,20:22:45,23,39
1460,2022-04-29,20:23:45,23,39
1461,2022-04-29,20:24:45,23,39
1462,2022-04-29,20:25:48,23,39
1463,2022-04-29,20:26:48,23,39
1464,2022-04-29,20:27:48,23,39
1465,2022-04-29,20:28:49,23,39
1466,2022-04-29,20:29:49,23,39
1467,2022-04-29,20:30:49,23,39
1468,2022-04-29,20:31:49,23,39
1469,2022-04-29,20:32:49,23,38
1470,2022-04-29,20:33:49,23,38
1471,2022-04-29,20:34:53,23,39
1472,2022-04-29,20:35:53,23,38
1473,2022-04-29,20:36:53,23,38
1474,2022-04-29,20:37:53,23,38
1475,2022-04-29,20:38:53,23,39
1476,2022-04-29,20:39:53,23,39
1477,2022-04-29,20:40:56,23,39
1478,2022-04-29,20:41:59,23,39
1479,2022-04-29,20:42:59,23,39
1480,2022-04-29,20:43:59,23,39
1481,2022-04-29,20:44:59,23,39
1482,2022-04-29,20:45:59,23,39
1483,2022-04-29,20:46:59,23,39
1484,2022-04-29,20:48:00,23,39
1485,2022-04-29,20:49:02,23,39
1486,2022-04-29,20:50:05,23,39
1487,2022-04-29,20:51:10,23,39
1488,2022-04-29,20:52:13,23,39
1489,2022-04-29,20:53:16,23,39
1490,2022-04-29,20:54:16,23,39
1491,2022-04-29,20:55:16,23,39
1492,2022-04-29,20:56:16,23,39
1493,2022-04-29,20:57:19,23,39
1494,2022-04-29,20:58:19,23,39
1495,2022-04-29,20:59:19,23,39
1496,2022-04-29,21:00:19,23,39
1497,2022-04-29,21:01:19,23,39
1498,2022-04-29,21:02:19,23,40
1499,2022-04-29,21:03:20,23,40
1500,2022-04-29,21:04:22,23,40
1501,2022-04-29,21:05:22,23,40
1502,2022-04-29,21:06:23,23,40
1503,2022-04-29,21:07:23,23,40
1504,2022-04-29,21:08:23,23,40
1505,2022-04-29,21:09:23,23,41
1506,2022-04-29,21:10:23,23,41
1507,2022-04-29,21:11:24,23,41
1508,2022-04-29,21:12:24,23,41
1509,2022-04-29,21:13:26,23,41
1510,2022-04-29,21:14:27,23,41
1511,2022-04-29,21:15:27,23,41
1512,2022-04-29,21:16:27,23,41
1513,2022-04-29,21:17:30,23,41
1514,2022-04-29,21:18:35,23,41
1515,2022-04-29,21:19:35,23,41
1516,2022-04-29,21:20:35,23,41
1517,2022-04-29,21:21:38,23,41
1518,2022-04-29,21:22:38,23,41
1519,2022-04-29,21:23:38,23,42
1520,2022-04-29,21:24:41,23,42
1521,2022-04-29,21:25:43,23,42
1522,2022-04-29,21:26:43,23,42
1523,2022-04-29,21:27:44,23,39
1524,2022-04-29,21:28:44,23,39
1525,2022-04-29,21:29:44,23,39
1526,2022-04-29,21:30:44,23,39
1527,2022-04-29,21:31:44,23,39
1528,2022-04-29,21:32:45,23,39
1529,2022-04-29,21:33:45,23,38
1530,2022-04-29,21:34:45,23,38
1531,2022-04-29,21:35:45,23,38
1532,2022-04-29,21:36:48,23,39
1533,2022-04-29,21:37:48,23,38
1534,2022-04-29,21:38:48,23,38
1535,2022-04-29,21:39:48,23,39
1536,2022-04-29,21:40:53,23,39
1537,2022-04-29,21:41:53,23,39
1538,2022-04-29,21:42:53,23,38
1539,2022-04-29,21:43:56,23,38
1540,2022-04-29,21:44:59,23,39
1541,2022-04-29,21:45:59,23,38
1542,2022-04-29,21:46:59,23,39
1543,2022-04-29,21:48:00,23,38
1544,2022-04-29,21:49:00,23,38
1545,2022-04-29,21:50:00,23,39
1546,2022-04-29,21:51:03,23,39
1547,2022-04-29,21:52:06,23,39
1548,2022-04-29,21:53:08,23,39
1549,2022-04-29,21:54:08,23,38
1550,2022-04-29,21:55:08,23,39
1551,2022-04-29,21:56:11,23,39
1552,2022-04-29,21:57:11,23,39
1553,2022-04-29,21:58:11,23,38
1554,2022-04-29,21:59:12,23,39
1555,2022-04-29,22:00:12,23,38
1556,2022-04-29,22:01:12,23,39
1557,2022-04-29,22:02:12,23,39
1558,2022-04-29,22:03:12,23,39
1559,2022-04-29,22:04:15,23,39
1560,2022-04-29,22:05:15,23,39
1561,2022-04-29,22:06:18,23,39
1562,2022-04-29,22:07:18,23,38
1563,2022-04-29,22:08:26,23,39
1564,2022-04-29,22:09:26,23,39
1565,2022-04-29,22:10:26,23,38
1566,2022-04-29,22:11:29,23,39
1567,2022-04-29,22:12:29,23,38
1568,2022-04-29,22:13:29,23,38
1569,2022-04-29,22:14:32,23,38
1570,2022-04-29,22:15:32,23,38
1571,2022-04-29,22:16:32,23,38
1572,2022-04-29,22:17:35,23,38
1573,2022-04-29,22:18:35,23,39
1574,2022-04-29,22:19:36,23,39
1575,2022-04-29,22:20:36,23,38
1576,2022-04-29,22:21:36,23,38
1577,2022-04-29,22:22:37,23,38
1578,2022-04-29,22:23:37,23,39
1579,2022-04-29,22:24:40,23,39
1580,2022-04-29,22:25:40,23,38
1581,2022-04-29,22:26:40,23,39
1582,2022-04-29,22:27:43,23,39
1583,2022-04-29,22:28:43,23,38
1584,2022-04-29,22:29:43,23,39
1585,2022-04-29,22:30:43,23,38
1586,2022-04-29,22:31:46,23,39
1587,2022-04-29,22:32:48,23,39
1588,2022-04-29,22:33:48,23,39
1589,2022-04-29,22:34:48,23,39
1590,2022-04-29,22:35:51,23,39
1591,2022-04-29,22:36:51,23,39
1592,2022-04-29,22:37:51,23,39
1593,2022-04-29,22:38:54,23,39
1594,2022-04-29,22:39:57,23,39
1595,2022-04-29,22:41:00,23,38
1596,2022-04-29,22:42:00,23,38
1597,2022-04-29,22:43:00,23,39
1598,2022-04-29,22:44:11,23,38
1599,2022-04-29,22:45:21,23,39
1600,2022-04-29,22:46:21,23,38
1601,2022-04-29,22:47:27,23,38
1602,2022-04-29,22:48:27,23,38
1603,2022-04-29,22:49:27,23,38
1604,2022-04-29,22:50:27,23,38
1605,2022-04-29,22:51:28,23,38
1606,2022-04-29,22:52:28,23,38
1607,2022-04-29,22:53:30,23,39
1608,2022-04-29,22:54:31,23,39
1609,2022-04-29,22:55:31,23,38
1610,2022-04-29,22:56:31,23,39
1611,2022-04-29,22:57:31,23,38
1612,2022-04-29,22:58:31,23,38
1613,2022-04-29,22:59:34,23,38
1614,2022-04-29,23:00:34,23,39
1615,2022-04-29,23:01:36,23,38
1616,2022-04-29,23:02:39,23,38
1617,2022-04-29,23:03:39,23,38
1618,2022-04-29,23:04:40,23,39
1619,2022-04-29,23:05:40,23,38
1620,2022-04-29,23:06:40,23,38
1621,2022-04-29,23:07:41,23,38
1622,2022-04-29,23:08:43,23,38
1623,2022-04-29,23:09:44,23,38
1624,2022-04-29,23:10:46,23,38
1625,2022-04-29,23:11:46,23,38
1626,2022-04-29,23:12:46,23,38
1627,2022-04-29,23:13:47,23,38
1628,2022-04-29,23:14:49,23,38
1629,2022-04-29,23:15:50,23,38
1630,2022-04-29,23:16:51,23,38
1631,2022-04-29,23:17:53,23,38
1632,2022-04-29,23:18:53,23,38
1633,2022-04-29,23:19:56,23,39
1634,2022-04-29,23:20:56,23,38
1635,2022-04-29,23:21:56,23,39
1636,2022-04-29,23:22:57,23,38
1637,2022-04-29,23:24:02,23,39
1638,2022-04-29,23:25:05,23,39
1639,2022-04-29,23:26:05,23,38
1640,2022-04-29,23:27:13,23,39
1641,2022-04-29,23:28:23,23,39
1642,2022-04-29,23:29:23,23,39
1643,2022-04-29,23:30:23,23,38
1644,2022-04-29,23:31:23,23,39
1645,2022-04-29,23:32:23,23,38
1646,2022-04-29,23:33:23,23,38
1647,2022-04-29,23:34:26,23,39
1648,2022-04-29,23:35:26,23,39
1649,2022-04-29,23:36:29,23,40
1650,2022-04-29,23:37:29,23,40
1651,2022-04-29,23:38:34,23,40
1652,2022-04-29,23:39:34,23,40
1653,2022-04-29,23:40:34,23,40
1654,2022-04-29,23:41:40,23,40
1655,2022-04-29,23:42:40,23,41
1656,2022-04-29,23:43:40,23,41
1657,2022-04-29,23:44:43,23,41
1658,2022-04-29,23:45:43,23,41
1659,2022-04-29,23:46:43,23,41
1660,2022-04-29,23:47:48,23,41
1661,2022-04-29,23:48:52,23,41
1662,2022-04-29,23:49:52,23,41
1663,2022-04-29,23:50:54,23,41
1664,2022-04-29,23:51:55,23,41
1665,2022-04-29,23:52:55,23,41
1666,2022-04-29,23:54:00,23,41
1667,2022-04-29,23:55:00,23,41
1668,2022-04-29,23:56:00,23,41
1669,2022-04-29,23:57:01,23,41
1670,2022-04-29,23:58:06,23,41
1671,2022-04-29,23:59:08,23,41
1672,2022-04-30,00:00:08,23,41
1673,2022-04-30,00:01:09,23,41
1674,2022-04-30,00:02:11,23,41
1675,2022-04-30,00:03:14,23,41
1676,2022-04-30,00:04:14,23,41
1677,2022-04-30,00:05:17,23,42
1678,2022-04-30,00:06:17,23,42
1679,2022-04-30,00:07:20,23,42
1680,2022-04-30,00:08:20,23,42
1681,2022-04-30,00:09:20,23,42
1682,2022-04-30,00:10:20,23,42
1683,2022-04-30,00:11:29,23,42
1684,2022-04-30,00:12:29,23,42
1685,2022-04-30,00:13:29,23,41
1686,2022-04-30,00:14:29,23,41
1687,2022-04-30,00:15:29,23,42
1688,2022-04-30,00:16:29,23,42
1689,2022-04-30,00:17:29,23,42
1690,2022-04-30,00:18:29,23,42
1691,2022-04-30,00:19:32,23,41
1692,2022-04-30,00:20:35,23,42
1693,2022-04-30,00:21:35,23,42
1694,2022-04-30,00:22:35,23,42
1695,2022-04-30,00:23:35,23,42
1696,2022-04-30,00:24:35,23,42
1697,2022-04-30,00:25:35,23,42
1698,2022-04-30,00:26:35,23,42
1699,2022-04-30,00:27:36,23,42
1700,2022-04-30,00:28:36,23,42
1701,2022-04-30,00:29:38,23,42
1702,2022-04-30,00:30:38,23,42
1703,2022-04-30,00:31:39,23,42
1704,2022-04-30,00:32:39,23,42
1705,2022-04-30,00:33:39,23,42
1706,2022-04-30,00:34:39,23,42
1707,2022-04-30,00:35:39,23,42
1708,2022-04-30,00:36:39,23,42
1709,2022-04-30,00:37:42,23,42
1710,2022-04-30,00:38:42,23,42
1711,2022-04-30,00:39:42,23,42
1712,2022-04-30,00:40:42,23,42
1713,2022-04-30,00:41:43,23,42
1714,2022-04-30,00:42:46,23,42
1715,2022-04-30,00:43:46,23,42
1716,2022-04-30,00:44:46,23,42
1717,2022-04-30,00:45:46,23,42
1718,2022-04-30,00:46:49,23,42
1719,2022-04-30,00:47:49,23,42
1720,2022-04-30,00:48:49,23,42
1721,2022-04-30,00:49:50,23,42
1722,2022-04-30,00:50:50,23,42
1723,2022-04-30,00:51:50,23,42
1724,2022-04-30,00:52:50,23,42
1725,2022-04-30,00:53:53,23,42
1726,2022-04-30,00:54:53,23,42
1727,2022-04-30,00:55:53,23,42
1728,2022-04-30,00:56:53,23,42
1729,2022-04-30,00:57:53,23,42
1730,2022-04-30,00:58:54,23,42
1731,2022-04-30,00:59:54,23,42
1732,2022-04-30,01:00:54,23,42
1733,2022-04-30,01:01:54,23,42
1734,2022-04-30,01:02:54,23,42
1735,2022-04-30,01:03:55,23,42
1736,2022-04-30,01:04:55,23,42
1737,2022-04-30,01:05:55,23,42
1738,2022-04-30,01:06:55,23,42
1739,2022-04-30,01:07:55,23,42
1740,2022-04-30,01:08:56,23,42
1741,2022-04-30,01:09:56,23,42
1742,2022-04-30,01:10:56,23,42
1743,2022-04-30,01:11:56,23,42
1744,2022-04-30,01:12:59,23,42
1745,2022-04-30,01:13:59,23,42
1746,2022-04-30,01:15:04,23,43
1747,2022-04-30,01:16:04,23,43
1748,2022-04-30,01:17:05,23,43
1749,2022-04-30,01:18:05,23,43
1750,2022-04-30,01:19:07,23,43
1751,2022-04-30,01:20:08,23,43
1752,2022-04-30,01:21:08,23,43
1753,2022-04-30,01:22:10,23,43
1754,2022-04-30,01:23:13,23,43
1755,2022-04-30,01:24:13,23,43
1756,2022-04-30,01:25:13,23,43
1757,2022-04-30,01:26:16,23,43
1758,2022-04-30,01:27:16,23,43
1759,2022-04-30,01:28:16,23,43
1760,2022-04-30,01:29:17,23,43
1761,2022-04-30,01:30:19,23,43
1762,2022-04-30,01:31:19,23,43
1763,2022-04-30,01:32:19,23,43
1764,2022-04-30,01:33:20,23,43
1765,2022-04-30,01:34:20,23,43
1766,2022-04-30,01:35:20,23,43
1767,2022-04-30,01:36:20,23,43
1768,2022-04-30,01:37:23,23,43
1769,2022-04-30,01:38:25,23,43
1770,2022-04-30,01:39:25,23,43
1771,2022-04-30,01:40:28,23,43
1772,2022-04-30,01:41:31,23,43
1773,2022-04-30,01:42:34,23,43
1774,2022-04-30,01:43:39,23,43
1775,2022-04-30,01:44:39,23,43
1776,2022-04-30,01:45:41,23,43
1777,2022-04-30,01:46:42,23,43
1778,2022-04-30,01:47:42,23,43
1779,2022-04-30,01:48:42,23,43
1780,2022-04-30,01:49:42,23,43
1781,2022-04-30,01:50:42,23,43
1782,2022-04-30,01:51:45,23,43
1783,2022-04-30,01:52:47,23,43
1784,2022-04-30,01:53:48,23,43
1785,2022-04-30,01:54:48,23,43
1786,2022-04-30,01:55:50,23,43
1787,2022-04-30,01:56:53,23,43
1788,2022-04-30,01:57:54,23,43
1789,2022-04-30,01:58:54,23,43
1790,2022-04-30,01:59:54,23,43
1791,2022-04-30,02:00:54,23,43
1792,2022-04-30,02:01:54,23,43
1793,2022-04-30,02:02:54,23,43
1794,2022-04-30,02:03:54,23,43
1795,2022-04-30,02:04:54,23,43
1796,2022-04-30,02:05:55,23,43
1797,2022-04-30,02:06:55,23,43
1798,2022-04-30,02:07:58,23,43
1799,2022-04-30,02:08:58,23,43
1800,2022-04-30,02:09:58,23,43
1801,2022-04-30,02:11:01,23,43
1802,2022-04-30,02:12:01,23,43
1803,2022-04-30,02:13:02,23,43
1804,2022-04-30,02:14:04,23,43
1805,2022-04-30,02:15:04,23,43
1806,2022-04-30,02:16:07,23,43
1807,2022-04-30,02:17:08,23,44
1808,2022-04-30,02:18:08,23,44
1809,2022-04-30,02:19:08,23,43
1810,2022-04-30,02:20:08,23,44
1811,2022-04-30,02:21:09,23,44
1812,2022-04-30,02:22:14,23,44
1813,2022-04-30,02:23:14,23,44
1814,2022-04-30,02:24:14,23,43
1815,2022-04-30,02:25:14,23,44
1816,2022-04-30,02:26:15,23,44
1817,2022-04-30,02:27:17,23,44
1818,2022-04-30,02:28:17,23,44
1819,2022-04-30,02:29:18,23,44
1820,2022-04-30,02:30:18,23,44
1821,2022-04-30,02:31:21,23,44
1822,2022-04-30,02:32:21,23,44
1823,2022-04-30,02:33:27,23,44
1824,2022-04-30,02:34:27,23,44
1825,2022-04-30,02:35:29,23,44
1826,2022-04-30,02:36:29,23,44
1827,2022-04-30,02:37:29,23,44
1828,2022-04-30,02:38:30,23,44
1829,2022-04-30,02:39:32,23,44
1830,2022-04-30,02:40:33,23,44
1831,2022-04-30,02:41:33,23,44
1832,2022-04-30,02:42:33,23,44
1833,2022-04-30,02:43:36,23,44
1834,2022-04-30,02:44:36,23,44
1835,2022-04-30,02:45:36,23,44
1836,2022-04-30,02:46:36,23,44
1837,2022-04-30,02:47:39,23,44
1838,2022-04-30,02:48:39,23,44
1839,2022-04-30,02:49:42,23,44
1840,2022-04-30,02:50:44,23,44
1841,2022-04-30,02:51:45,23,44
1842,2022-04-30,02:52:45,23,44
1843,2022-04-30,02:53:45,23,44
1844,2022-04-30,02:54:46,23,44
1845,2022-04-30,02:55:47,23,44
1846,2022-04-30,02:56:49,23,44
1847,2022-04-30,02:57:49,23,44
1848,2022-04-30,02:58:49,23,44
1849,2022-04-30,02:59:50,23,44
1850,2022-04-30,03:00:50,23,44
1851,2022-04-30,03:01:50,23,44
1852,2022-04-30,03:02:51,23,44
1853,2022-04-30,03:03:51,23,44
1854,2022-04-30,03:04:53,23,44
1855,2022-04-30,03:05:56,23,44
1856,2022-04-30,03:06:57,23,44
1857,2022-04-30,03:07:57,23,44
1858,2022-04-30,03:08:57,23,44
1859,2022-04-30,03:09:57,23,44
1860,2022-04-30,03:10:57,23,44
1861,2022-04-30,03:11:57,23,44
1862,2022-04-30,03:13:01,23,44
1863,2022-04-30,03:14:01,23,44
1864,2022-04-30,03:15:01,23,44
1865,2022-04-30,03:16:01,23,44
1866,2022-04-30,03:17:04,23,44
1867,2022-04-30,03:18:04,23,44
1868,2022-04-30,03:19:04,23,44
1869,2022-04-30,03:20:07,23,44
1870,2022-04-30,03:21:07,23,44
1871,2022-04-30,03:22:07,23,44
1872,2022-04-30,03:23:07,23,44
1873,2022-04-30,03:24:10,23,44
1874,2022-04-30,03:25:10,23,44
1875,2022-04-30,03:26:13,23,44
1876,2022-04-30,03:27:13,23,44
1877,2022-04-30,03:28:15,23,44
1878,2022-04-30,03:29:16,23,44
1879,2022-04-30,03:30:18,23,44
1880,2022-04-30,03:31:18,23,44
1881,2022-04-30,03:32:21,23,44
1882,2022-04-30,03:33:21,23,44
1883,2022-04-30,03:34:21,23,44
1884,2022-04-30,03:35:21,23,44
1885,2022-04-30,03:36:21,23,44
1886,2022-04-30,03:37:22,23,45
1887,2022-04-30,03:38:29,23,45
1888,2022-04-30,03:39:29,23,45
1889,2022-04-30,03:40:29,23,45
1890,2022-04-30,03:41:30,23,45
1891,2022-04-30,03:42:30,23,45
1892,2022-04-30,03:43:30,23,45
1893,2022-04-30,03:44:33,23,45
1894,2022-04-30,03:45:33,23,45
1895,2022-04-30,03:46:36,23,45
1896,2022-04-30,03:47:36,23,45
1897,2022-04-30,03:48:38,23,45
1898,2022-04-30,03:49:39,23,46
1899,2022-04-30,03:50:39,23,46
1900,2022-04-30,03:51:40,23,46
1901,2022-04-30,03:52:41,23,46
1902,2022-04-30,03:53:41,23,46
1903,2022-04-30,03:54:41,23,46
1904,2022-04-30,03:55:41,23,46
1905,2022-04-30,03:56:41,23,46
1906,2022-04-30,03:57:41,23,46
1907,2022-04-30,03:58:41,23,46
1908,2022-04-30,03:59:41,23,46
1909,2022-04-30,04:00:42,23,46
1910,2022-04-30,04:01:44,23,46
1911,2022-04-30,04:02:44,23,46
1912,2022-04-30,04:03:45,23,46
1913,2022-04-30,04:04:45,23,46
1914,2022-04-30,04:05:45,23,46
1915,2022-04-30,04:06:45,23,46
1916,2022-04-30,04:07:45,23,47
1917,2022-04-30,04:08:48,23,47
1918,2022-04-30,04:09:48,23,47
1919,2022-04-30,04:10:48,23,47
1920,2022-04-30,04:11:48,23,47
1921,2022-04-30,04:12:51,23,47
1922,2022-04-30,04:13:51,23,47
1923,2022-04-30,04:14:51,23,47
1924,2022-04-30,04:15:52,23,47
1925,2022-04-30,04:16:52,23,47
1926,2022-04-30,04:17:52,23,47
1927,2022-04-30,04:18:53,23,47
1928,2022-04-30,04:19:53,23,47
1929,2022-04-30,04:20:58,23,47
1930,2022-04-30,04:21:58,23,47
1931,2022-04-30,04:23:04,23,47
1932,2022-04-30,04:24:04,23,47
1933,2022-04-30,04:25:04,23,47
1934,2022-04-30,04:26:07,23,47
1935,2022-04-30,04:27:07,23,47
1936,2022-04-30,04:28:12,23,47
1937,2022-04-30,04:29:12,23,47
1938,2022-04-30,04:30:12,23,47
1939,2022-04-30,04:31:12,23,47
1940,2022-04-30,04:32:15,23,47
1941,2022-04-30,04:33:15,23,47
1942,2022-04-30,04:34:15,23,47
1943,2022-04-30,04:35:15,23,47
1944,2022-04-30,04:36:16,23,47
1945,2022-04-30,04:37:16,23,47
1946,2022-04-30,04:38:16,23,47
1947,2022-04-30,04:39:16,23,47
1948,2022-04-30,04:40:19,23,47
1949,2022-04-30,04:41:24,23,47
1950,2022-04-30,04:42:27,23,47
1951,2022-04-30,04:43:27,23,47
1952,2022-04-30,04:44:27,23,47
1953,2022-04-30,04:45:30,23,47
1954,2022-04-30,04:46:32,23,47
1955,2022-04-30,04:47:35,23,47
1956,2022-04-30,04:48:37,23,47
1957,2022-04-30,04:49:40,23,47
1958,2022-04-30,04:50:40,23,47
1959,2022-04-30,04:51:40,23,47
1960,2022-04-30,04:52:46,23,47
1961,2022-04-30,04:53:48,23,47
1962,2022-04-30,04:54:48,23,47
1963,2022-04-30,04:55:49,23,47
1964,2022-04-30,04:56:49,23,47
1965,2022-04-30,04:57:51,23,47
1966,2022-04-30,04:58:51,23,47
1967,2022-04-30,04:59:52,23,47
1968,2022-04-30,05:00:57,23,47
1969,2022-04-30,05:01:57,23,47
1970,2022-04-30,05:02:57,23,47
1971,2022-04-30,05:03:57,23,47
1972,2022-04-30,05:05:00,23,47
1973,2022-04-30,05:06:00,23,47
1974,2022-04-30,05:07:03,23,47
1975,2022-04-30,05:08:03,23,47
1976,2022-04-30,05:09:04,23,48
1977,2022-04-30,05:10:04,23,48
1978,2022-04-30,05:11:06,23,48
1979,2022-04-30,05:12:06,23,48
1980,2022-04-30,05:13:07,23,48
1981,2022-04-30,05:14:07,23,48
1982,2022-04-30,05:15:07,23,48
1983,2022-04-30,05:16:07,23,48
1984,2022-04-30,05:17:08,23,48
1985,2022-04-30,05:18:13,23,48
1986,2022-04-30,05:19:13,23,48
1987,2022-04-30,05:20:13,23,48
1988,2022-04-30,05:21:13,23,48
1989,2022-04-30,05:22:13,23,48
1990,2022-04-30,05:23:19,23,48
1991,2022-04-30,05:24:21,23,48
1992,2022-04-30,05:25:21,23,48
1993,2022-04-30,05:26:21,23,48
1994,2022-04-30,05:27:22,23,48
1995,2022-04-30,05:28:22,23,48
1996,2022-04-30,05:29:30,23,48
1997,2022-04-30,05:30:30,23,48
1998,2022-04-30,05:31:33,23,48
1999,2022-04-30,05:32:33,23,48
2000,2022-04-30,05:33:33,23,49
2001,2022-04-30,05:34:34,23,48
2002,2022-04-30,05:35:34,23,49
2003,2022-04-30,05:36:34,23,48
2004,2022-04-30,05:37:35,23,48
2005,2022-04-30,05:38:37,23,49
2006,2022-04-30,05:39:40,23,49
2007,2022-04-30,05:40:40,23,49
2008,2022-04-30,05:41:40,23,49
2009,2022-04-30,05:42:40,23,49
2010,2022-04-30,05:43:43,23,49
2011,2022-04-30,05:44:43,23,49
2012,2022-04-30,05:45:43,23,49
2013,2022-04-30,05:46:46,23,49
2014,2022-04-30,05:47:46,23,49
2015,2022-04-30,05:48:46,23,49
2016,2022-04-30,05:49:46,23,49
2017,2022-04-30,05:50:46,23,49
2018,2022-04-30,05:51:47,23,49
2019,2022-04-30,05:52:49,23,49
2020,2022-04-30,05:53:49,23,49
2021,2022-04-30,05:54:49,23,49
2022,2022-04-30,05:55:50,23,49
2023,2022-04-30,05:56:50,23,49
2024,2022-04-30,05:57:52,23,49
2025,2022-04-30,05:58:53,23,49
2026,2022-04-30,05:59:55,23,49
2027,2022-04-30,06:00:56,23,49
2028,2022-04-30,06:01:58,23,49
2029,2022-04-30,06:03:01,23,49
2030,2022-04-30,06:04:04,23,49
2031,2022-04-30,06:05:06,23,49
2032,2022-04-30,06:06:06,23,49
2033,2022-04-30,06:07:09,23,49
2034,2022-04-30,06:08:11,23,49
2035,2022-04-30,06:09:12,23,49
2036,2022-04-30,06:10:12,23,49
2037,2022-04-30,06:11:12,23,49
2038,2022-04-30,06:12:12,23,49
2039,2022-04-30,06:13:12,23,49
2040,2022-04-30,06:14:15,23,49
2041,2022-04-30,06:15:15,23,49
2042,2022-04-30,06:16:15,23,49
2043,2022-04-30,06:17:20,23,49
2044,2022-04-30,06:18:20,23,49
2045,2022-04-30,06:19:20,23,49
2046,2022-04-30,06:20:23,23,49
2047,2022-04-30,06:21:26,23,49
2048,2022-04-30,06:22:26,23,49
2049,2022-04-30,06:23:26,23,50
2050,2022-04-30,06:24:27,23,50
2051,2022-04-30,06:25:27,23,50
2052,2022-04-30,06:26:27,23,50
2053,2022-04-30,06:27:27,23,50
2054,2022-04-30,06:28:32,23,50
2055,2022-04-30,06:29:36,23,50
2056,2022-04-30,06:30:36,23,50
2057,2022-04-30,06:31:36,23,50
2058,2022-04-30,06:32:37,23,50
2059,2022-04-30,06:33:37,23,50
2060,2022-04-30,06:34:40,23,50
2061,2022-04-30,06:35:43,23,51
2062,2022-04-30,06:36:45,23,51
2063,2022-04-30,06:37:45,23,51
2064,2022-04-30,06:38:45,23,51
2065,2022-04-30,06:39:46,23,51
2066,2022-04-30,06:40:51,23,51
2067,2022-04-30,06:41:56,23,51
2068,2022-04-30,06:42:59,23,51
2069,2022-04-30,06:43:59,23,51
2070,2022-04-30,06:45:04,23,51
2071,2022-04-30,06:46:07,23,51
2072,2022-04-30,06:47:07,23,51
2073,2022-04-30,06:48:07,23,51
2074,2022-04-30,06:49:12,23,51
2075,2022-04-30,06:50:13,23,51
2076,2022-04-30,06:51:13,23,51
2077,2022-04-30,06:52:16,23,51
2078,2022-04-30,06:53:16,23,51
2079,2022-04-30,06:54:16,23,51
2080,2022-04-30,06:55:18,23,51
2081,2022-04-30,06:56:19,23,51
2082,2022-04-30,06:57:19,23,51
2083,2022-04-30,06:58:19,23,51
2084,2022-04-30,06:59:21,23,51
2085,2022-04-30,07:00:27,23,51
2086,2022-04-30,07:01:29,23,51
2087,2022-04-30,07:02:29,23,51
2088,2022-04-30,07:03:29,23,51
2089,2022-04-30,07:04:32,23,51
2090,2022-04-30,07:05:32,23,51
2091,2022-04-30,07:06:32,23,51
2092,2022-04-30,07:07:35,23,51
2093,2022-04-30,07:08:35,23,51
2094,2022-04-30,07:09:35,23,51
2095,2022-04-30,07:10:35,23,51
2096,2022-04-30,07:11:36,23,51
2097,2022-04-30,07:12:39,23,51
2098,2022-04-30,07:13:39,23,51
2099,2022-04-30,07:14:39,23,51
2100,2022-04-30,07:15:39,23,51
2101,2022-04-30,07:16:42,23,51
2102,2022-04-30,07:17:42,23,51
2103,2022-04-30,07:18:45,23,51
2104,2022-04-30,07:19:50,23,51
2105,2022-04-30,07:20:50,23,51
2106,2022-04-30,07:21:50,23,51
2107,2022-04-30,07:22:53,23,51
2108,2022-04-30,07:23:53,23,51
2109,2022-04-30,07:24:53,23,51
2110,2022-04-30,07:25:53,23,51
2111,2022-04-30,07:26:53,23,51
2112,2022-04-30,07:27:53,23,51
2113,2022-04-30,07:28:54,23,51
2114,2022-04-30,07:29:54,23,51
2115,2022-04-30,07:30:59,23,51
2116,2022-04-30,07:31:59,23,51
2117,2022-04-30,07:32:59,23,51
2118,2022-04-30,07:34:02,23,51
2119,2022-04-30,07:35:02,23,51
2120,2022-04-30,07:36:05,23,51
2121,2022-04-30,07:37:08,23,51
2122,2022-04-30,07:38:13,23,51
2123,2022-04-30,07:39:13,23,51
2124,2022-04-30,07:40:15,23,51
2125,2022-04-30,07:41:16,23,51
2126,2022-04-30,07:42:18,23,51
2127,2022-04-30,07:43:18,23,51
2128,2022-04-30,07:44:18,23,51
2129,2022-04-30,07:45:19,23,51
2130,2022-04-30,07:46:19,23,51
2131,2022-04-30,07:47:19,23,51
2132,2022-04-30,07:48:21,23,51
2133,2022-04-30,07:49:24,23,51
2134,2022-04-30,07:50:29,23,51
2135,2022-04-30,07:51:32,23,51
2136,2022-04-30,07:52:32,23,51
2137,2022-04-30,07:53:35,23,51
2138,2022-04-30,07:54:35,23,51
2139,2022-04-30,07:55:35,23,51
2140,2022-04-30,07:56:35,23,51
2141,2022-04-30,07:57:35,23,51
2142,2022-04-30,07:58:38,23,51
2143,2022-04-30,07:59:38,23,51
2144,2022-04-30,08:00:38,23,51
2145,2022-04-30,08:01:38,23,51
2146,2022-04-30,08:02:41,23,51
2147,2022-04-30,08:03:46,23,51
2148,2022-04-30,08:04:46,23,51
2149,2022-04-30,08:05:49,23,51
2150,2022-04-30,08:06:49,23,51
2151,2022-04-30,08:07:52,23,51
2152,2022-04-30,08:08:52,23,51
2153,2022-04-30,08:09:52,23,51
2154,2022-04-30,08:10:52,23,51
2155,2022-04-30,08:11:52,23,51
2156,2022-04-30,08:12:56,23,51
2157,2022-04-30,08:13:56,23,51
2158,2022-04-30,08:14:56,23,51
2159,2022-04-30,08:15:56,23,52
2160,2022-04-30,08:16:56,23,51
2161,2022-04-30,08:17:56,23,52
2162,2022-04-30,08:18:57,23,52
2163,2022-04-30,08:19:57,23,51
2164,2022-04-30,08:20:57,23,51
2165,2022-04-30,08:21:57,23,51
2166,2022-04-30,08:23:02,23,51
2167,2022-04-30,08:24:02,23,51
2168,2022-04-30,08:25:03,23,51
2169,2022-04-30,08:26:03,23,52
2170,2022-04-30,08:27:03,23,52
2171,2022-04-30,08:28:06,23,52
2172,2022-04-30,08:29:06,23,52
2173,2022-04-30,08:30:09,23,52
2174,2022-04-30,08:31:12,23,52
2175,2022-04-30,08:32:12,23,52
2176,2022-04-30,08:33:14,23,52
2177,2022-04-30,08:34:15,23,52
2178,2022-04-30,08:35:15,23,52
2179,2022-04-30,08:36:15,23,52
2180,2022-04-30,08:37:15,23,52
2181,2022-04-30,08:38:21,23,52
2182,2022-04-30,08:39:26,23,52
2183,2022-04-30,08:40:28,23,52
2184,2022-04-30,08:41:31,23,52
2185,2022-04-30,08:42:32,23,52
2186,2022-04-30,08:43:32,23,52
2187,2022-04-30,08:44:32,23,52
2188,2022-04-30,08:45:33,23,52
2189,2022-04-30,08:46:33,23,52
2190,2022-04-30,08:47:33,23,52
2191,2022-04-30,08:48:33,23,52
2192,2022-04-30,08:49:33,23,52
2193,2022-04-30,08:50:36,23,52
2194,2022-04-30,08:51:37,23,52
2195,2022-04-30,08:52:39,23,52
2196,2022-04-30,08:53:39,23,52
2197,2022-04-30,08:54:39,23,52
2198,2022-04-30,08:55:40,23,52
2199,2022-04-30,08:56:40,23,52
2200,2022-04-30,08:57:40,23,52
2201,2022-04-30,08:58:40,23,52
2202,2022-04-30,08:59:40,23,52
2203,2022-04-30,09:00:42,23,52
2204,2022-04-30,09:01:42,23,51
2205,2022-04-30,09:02:42,23,51
2206,2022-04-30,09:03:42,23,51
2207,2022-04-30,09:04:42,23,49
2208,2022-04-30,09:05:45,23,49
2209,2022-04-30,09:06:47,23,47
2210,2022-04-30,09:07:47,23,47
2211,2022-04-30,09:08:50,23,46
2212,2022-04-30,09:09:50,23,46
2213,2022-04-30,09:10:53,23,46
2214,2022-04-30,09:11:53,23,46
2215,2022-04-30,09:12:55,23,45
2216,2022-04-30,09:13:56,23,45
2217,2022-04-30,09:14:56,23,45
2218,2022-04-30,09:15:56,23,45
2219,2022-04-30,09:16:56,23,45
2220,2022-04-30,09:17:56,23,44
2221,2022-04-30,09:18:59,23,44
2222,2022-04-30,09:20:01,23,45
2223,2022-04-30,09:21:04,23,44
2224,2022-04-30,09:22:05,23,44
2225,2022-04-30,09:23:05,23,44
2226,2022-04-30,09:24:09,23,44
2227,2022-04-30,09:25:09,23,44
2228,2022-04-30,09:26:09,23,44
2229,2022-04-30,09:27:10,23,44
2230,2022-04-30,09:28:11,23,44
2231,2022-04-30,09:29:11,23,43
2232,2022-04-30,09:30:13,23,44
2233,2022-04-30,09:31:16,23,43
2234,2022-04-30,09:32:19,23,43
2235,2022-04-30,09:33:19,23,43
2236,2022-04-30,09:34:19,23,42
2237,2022-04-30,09:35:20,23,40
2238,2022-04-30,09:36:20,23,40
2239,2022-04-30,09:37:23,23,40
2240,2022-04-30,09:38:23,22,40
2241,2022-04-30,09:39:26,22,39
2242,2022-04-30,09:40:26,22,39
2243,2022-04-30,09:41:27,22,39
2244,2022-04-30,09:42:27,22,39
2245,2022-04-30,09:43:27,22,39
2246,2022-04-30,09:44:27,22,39
2247,2022-04-30,09:45:27,22,39
2248,2022-04-30,09:46:27,22,38
2249,2022-04-30,09:47:28,22,38
2250,2022-04-30,09:48:30,22,38
2251,2022-04-30,09:49:30,22,38
2252,2022-04-30,09:50:36,22,38
2253,2022-04-30,09:51:38,22,38
2254,2022-04-30,09:52:41,22,38
2255,2022-04-30,09:53:41,22,38
2256,2022-04-30,09:54:44,22,38
2257,2022-04-30,09:55:49,22,38
2258,2022-04-30,09:56:51,22,38
2259,2022-04-30,09:57:52,22,38
2260,2022-04-30,09:58:52,22,38
2261,2022-04-30,09:59:54,22,38
2262,2022-04-30,10:00:54,22,38
2263,2022-04-30,10:01:55,22,38
2264,2022-04-30,10:02:57,22,38
2265,2022-04-30,10:04:00,22,38
2266,2022-04-30,10:05:00,22,38
2267,2022-04-30,10:06:01,22,38
2268,2022-04-30,10:07:06,22,38
2269,2022-04-30,10:08:06,22,38
2270,2022-04-30,10:09:06,22,38
2271,2022-04-30,10:10:11,22,38
2272,2022-04-30,10:11:14,22,38
2273,2022-04-30,10:12:14,22,38
2274,2022-04-30,10:13:17,22,38
2275,2022-04-30,10:14:17,22,38
2276,2022-04-30,10:15:19,22,38
2277,2022-04-30,10:16:20,22,38
2278,2022-04-30,10:17:22,22,38
2279,2022-04-30,10:18:22,22,38
2280,2022-04-30,10:19:28,22,38
2281,2022-04-30,10:20:28,22,38
2282,2022-04-30,10:21:28,22,38
2283,2022-04-30,10:22:29,22,38
2284,2022-04-30,10:23:32,22,38
2285,2022-04-30,10:24:32,22,38
2286,2022-04-30,10:25:32,22,38
2287,2022-04-30,10:26:35,22,38
2288,2022-04-30,10:27:35,22,38
2289,2022-04-30,10:28:35,22,38
2290,2022-04-30,10:29:35,22,38
2291,2022-04-30,10:30:38,22,38
2292,2022-04-30,10:31:38,22,38
2293,2022-04-30,10:32:38,22,38
2294,2022-04-30,10:33:41,22,38
2295,2022-04-30,10:34:41,22,38
2296,2022-04-30,10:35:43,22,38
2297,2022-04-30,10:36:44,22,38
2298,2022-04-30,10:37:46,22,38
2299,2022-04-30,10:38:46,22,38
2300,2022-04-30,10:39:47,22,38
2301,2022-04-30,10:40:47,22,38
2302,2022-04-30,10:41:52,22,38
2303,2022-04-30,10:42:52,22,38
2304,2022-04-30,10:43:55,22,38
2305,2022-04-30,10:44:55,22,38
2306,2022-04-30,10:45:57,22,38
2307,2022-04-30,10:46:58,22,38
2308,2022-04-30,10:47:58,22,38
2309,2022-04-30,10:48:58,22,38
2310,2022-04-30,10:49:58,22,38
2311,2022-04-30,10:50:58,22,38
2312,2022-04-30,10:51:59,22,38
2313,2022-04-30,10:52:59,22,38
2314,2022-04-30,10:53:59,22,38
2315,2022-04-30,10:55:04,22,38
2316,2022-04-30,10:56:07,22,38
2317,2022-04-30,10:57:07,22,38
2318,2022-04-30,10:58:07,22,38
2319,2022-04-30,10:59:07,22,38
2320,2022-04-30,11:00:10,23,38
2321,2022-04-30,11:01:10,23,38
2322,2022-04-30,11:02:13,23,38
2323,2022-04-30,11:03:13,23,38
2324,2022-04-30,11:04:21,23,38
2325,2022-04-30,11:05:21,23,38
2326,2022-04-30,11:06:22,23,38
2327,2022-04-30,11:07:22,23,38
2328,2022-04-30,11:08:22,23,38
2329,2022-04-30,11:09:25,23,38
2330,2022-04-30,11:10:25,23,38
2331,2022-04-30,11:11:25,23,38
2332,2022-04-30,11:12:28,23,38
2333,2022-04-30,11:13:28,23,38
2334,2022-04-30,11:14:28,23,38
2335,2022-04-30,11:15:28,23,38
2336,2022-04-30,11:16:28,23,38
2337,2022-04-30,11:17:31,23,38
2338,2022-04-30,11:18:31,23,38
2339,2022-04-30,11:19:32,23,38
2340,2022-04-30,11:20:32,23,38
2341,2022-04-30,11:21:38,23,38
2342,2022-04-30,11:22:38,23,38
2343,2022-04-30,11:23:38,22,38
2344,2022-04-30,11:24:41,22,38
2345,2022-04-30,11:25:43,22,38
2346,2022-04-30,11:26:44,22,38
2347,2022-04-30,11:27:44,23,38
2348,2022-04-30,11:28:44,23,38
2349,2022-04-30,11:29:49,23,38
2350,2022-04-30,11:30:50,23,38
2351,2022-04-30,11:31:50,23,38
2352,2022-04-30,11:32:50,23,38
2353,2022-04-30,11:33:55,23,38
2354,2022-04-30,11:34:56,23,38
2355,2022-04-30,11:35:56,23,38
2356,2022-04-30,11:36:56,23,38
2357,2022-04-30,11:37:56,23,39
2358,2022-04-30,11:38:56,23,38
2359,2022-04-30,11:39:56,23,38
2360,2022-04-30,11:41:02,23,38
2361,2022-04-30,11:42:02,22,38
2362,2022-04-30,11:43:10,22,38
2363,2022-04-30,11:44:13,22,38
2364,2022-04-30,11:45:13,22,38
2365,2022-04-30,11:46:13,22,38
2366,2022-04-30,11:47:18,22,38
2367,2022-04-30,11:48:21,22,38
2368,2022-04-30,11:49:21,22,38
2369,2022-04-30,11:50:21,22,38
2370,2022-04-30,11:51:21,22,38
2371,2022-04-30,11:52:21,22,38
2372,2022-04-30,11:53:24,22,38
2373,2022-04-30,11:54:24,22,38
2374,2022-04-30,11:55:24,22,38
2375,2022-04-30,11:56:27,22,38
2376,2022-04-30,11:57:27,22,38
2377,2022-04-30,11:58:32,22,38
2378,2022-04-30,11:59:32,22,38
2379,2022-04-30,12:00:33,22,38
2380,2022-04-30,12:01:33,11,19
2381,2022-04-30,12:02:35,22,38
2382,2022-04-30,12:03:36,22,38
2383,2022-04-30,12:04:38,22,38
2384,2022-04-30,12:05:38,22,38
2385,2022-04-30,12:06:38,22,38
2386,2022-04-30,12:07:44,22,38
2387,2022-04-30,12:08:46,22,38
2388,2022-04-30,12:09:46,22,38
2389,2022-04-30,12:10:49,22,38
2390,2022-04-30,12:11:49,22,38
2391,2022-04-30,12:12:49,22,38
2392,2022-04-30,12:13:49,22,38
2393,2022-04-30,12:14:50,22,38
2394,2022-04-30,12:15:52,22,38
2395,2022-04-30,12:16:52,22,38
2396,2022-04-30,12:17:53,22,38
2397,2022-04-30,12:18:53,22,38
2398,2022-04-30,12:19:56,22,38
2399,2022-04-30,12:20:56,22,38
2400,2022-04-30,12:21:56,22,38
2401,2022-04-30,12:22:56,22,38
2402,2022-04-30,12:24:01,22,38
2403,2022-04-30,12:25:01,22,38
2404,2022-04-30,12:26:01,22,37
2405,2022-04-30,12:27:02,22,37
2406,2022-04-30,12:28:05,22,37
2407,2022-04-30,12:29:05,22,37
2408,2022-04-30,12:30:05,22,37
2409,2022-04-30,12:31:06,22,37
2410,2022-04-30,12:32:06,22,37
2411,2022-04-30,12:33:06,22,37
2412,2022-04-30,12:34:07,22,37
2413,2022-04-30,12:35:07,22,37
2414,2022-04-30,12:36:07,22,37
2415,2022-04-30,12:37:07,22,37
2416,2022-04-30,12:38:07,22,37
2417,2022-04-30,12:39:10,22,37
2418,2022-04-30,12:40:10,22,37
2419,2022-04-30,12:41:11,22,37
2420,2022-04-30,12:42:11,22,37
2421,2022-04-30,12:43:11,22,37
2422,2022-04-30,12:44:11,22,37
2423,2022-04-30,12:45:14,22,37
2424,2022-04-30,12:46:14,22,37
2425,2022-04-30,12:47:17,22,37
2426,2022-04-30,12:48:20,22,37
2427,2022-04-30,12:49:22,22,37
2428,2022-04-30,12:50:22,22,37
2429,2022-04-30,12:51:25,22,37
2430,2022-04-30,12:52:29,22,37
2431,2022-04-30,12:53:37,22,37
2432,2022-04-30,12:54:37,22,37
2433,2022-04-30,12:55:40,22,37
2434,2022-04-30,12:56:40,22,37
2435,2022-04-30,12:57:41,22,37
2436,2022-04-30,12:58:41,22,37
2437,2022-04-30,12:59:41,22,37
2438,2022-04-30,13:00:42,22,37
2439,2022-04-30,13:01:45,22,37
2440,2022-04-30,13:02:45,22,37
2441,2022-04-30,13:03:45,22,37
2442,2022-04-30,13:04:45,22,37
2443,2022-04-30,13:05:46,22,37
2444,2022-04-30,13:06:46,22,37
2445,2022-04-30,13:07:46,22,37
2446,2022-04-30,13:08:47,22,37
2447,2022-04-30,13:09:50,22,37
2448,2022-04-30,13:10:51,22,37
2449,2022-04-30,13:11:51,22,37
2450,2022-04-30,13:12:52,22,37
2451,2022-04-30,13:13:52,22,37
2452,2022-04-30,13:14:55,22,37
2453,2022-04-30,13:15:56,22,37
2454,2022-04-30,13:16:58,22,37
2455,2022-04-30,13:17:58,22,37
2456,2022-04-30,13:18:59,22,37
2457,2022-04-30,13:19:59,22,37
2458,2022-04-30,13:21:02,22,37
2459,2022-04-30,13:22:02,22,37
2460,2022-04-30,13:23:02,22,37
2461,2022-04-30,13:24:05,22,37
2462,2022-04-30,13:25:05,22,37
2463,2022-04-30,13:26:05,22,37
2464,2022-04-30,13:27:06,22,37
2465,2022-04-30,13:28:13,22,37
2466,2022-04-30,13:29:13,22,37
2467,2022-04-30,13:30:13,22,37
2468,2022-04-30,13:31:16,22,37
2469,2022-04-30,13:32:16,22,37
2470,2022-04-30,13:33:19,22,37
2471,2022-04-30,13:34:19,22,37
2472,2022-04-30,13:35:20,22,37
2473,2022-04-30,13:36:22,22,37
2474,2022-04-30,13:37:22,22,37
2475,2022-04-30,13:38:23,22,37
2476,2022-04-30,13:39:23,22,37
2477,2022-04-30,13:40:26,22,37
2478,2022-04-30,13:41:26,22,37
2479,2022-04-30,13:42:27,22,37
2480,2022-04-30,13:43:27,22,37
2481,2022-04-30,13:44:27,22,37
2482,2022-04-30,13:45:30,22,37
2483,2022-04-30,13:46:35,22,37
2484,2022-04-30,13:47:35,22,37
2485,2022-04-30,13:48:35,22,37
2486,2022-04-30,13:49:35,22,37
2487,2022-04-30,13:50:35,22,37
2488,2022-04-30,13:51:36,22,37
2489,2022-04-30,13:52:36,22,37
2490,2022-04-30,13:53:39,22,37
2491,2022-04-30,13:54:41,22,37
2492,2022-04-30,13:55:41,22,37
2493,2022-04-30,13:56:45,22,37
2494,2022-04-30,13:57:47,22,37
2495,2022-04-30,13:58:48,22,37
2496,2022-04-30,13:59:51,22,37
2497,2022-04-30,14:00:52,22,37
2498,2022-04-30,14:01:52,22,37
2499,2022-04-30,14:02:52,22,37
2500,2022-04-30,14:03:53,22,37
2501,2022-04-30,14:04:53,22,37
2502,2022-04-30,14:05:53,22,37
2503,2022-04-30,14:06:54,22,37
2504,2022-04-30,14:07:55,22,37
2505,2022-04-30,14:08:55,22,37
2506,2022-04-30,14:09:55,22,37
2507,2022-04-30,14:10:55,22,37
2508,2022-04-30,14:11:56,22,37
2509,2022-04-30,14:12:56,22,37
2510,2022-04-30,14:13:56,22,37
2511,2022-04-30,14:14:56,22,37
2512,2022-04-30,14:15:57,22,37
2513,2022-04-30,14:16:57,22,37
2514,2022-04-30,14:18:00,22,37
2515,2022-04-30,14:19:02,22,37
2516,2022-04-30,14:20:02,22,37
2517,2022-04-30,14:21:03,22,37
2518,2022-04-30,14:22:03,22,37
2519,2022-04-30,14:23:03,22,37
2520,2022-04-30,14:24:06,22,37
2521,2022-04-30,14:25:06,22,37
2522,2022-04-30,14:26:06,22,37
2523,2022-04-30,14:27:06,22,37
2524,2022-04-30,14:28:12,22,37
2525,2022-04-30,14:29:12,22,37
2526,2022-04-30,14:30:15,22,37
2527,2022-04-30,14:31:15,22,37
2528,2022-04-30,14:32:15,22,37
2529,2022-04-30,14:33:16,22,37
2530,2022-04-30,14:34:16,22,37
2531,2022-04-30,14:35:16,22,37
2532,2022-04-30,14:36:16,22,37
2533,2022-04-30,14:37:16,22,37
2534,2022-04-30,14:38:17,22,37
2535,2022-04-30,14:39:17,22,37
2536,2022-04-30,14:40:17,22,37
2537,2022-04-30,14:41:17,22,37
2538,2022-04-30,14:42:17,22,37
2539,2022-04-30,14:43:18,22,37
2540,2022-04-30,14:44:20,22,37
2541,2022-04-30,14:45:24,22,37
2542,2022-04-30,14:46:24,22,37
2543,2022-04-30,14:47:27,22,37
2544,2022-04-30,14:48:28,22,37
2545,2022-04-30,14:49:28,22,37
2546,2022-04-30,14:50:28,22,37
2547,2022-04-30,14:51:33,22,37
2548,2022-04-30,14:52:34,22,37
2549,2022-04-30,14:53:34,22,37
2550,2022-04-30,14:54:37,22,37
2551,2022-04-30,14:55:37,22,37
2552,2022-04-30,14:56:37,22,37
2553,2022-04-30,14:57:40,22,37
2554,2022-04-30,14:58:40,22,37
2555,2022-04-30,14:59:43,22,37
2556,2022-04-30,15:00:46,22,37
2557,2022-04-30,15:01:46,22,37
2558,2022-04-30,15:02:46,22,37
2559,2022-04-30,15:03:46,22,37
2560,2022-04-30,15:04:46,22,37
2561,2022-04-30,15:05:52,22,37
2562,2022-04-30,15:06:52,22,37
2563,2022-04-30,15:07:52,22,37
2564,2022-04-30,15:08:52,22,37
2565,2022-04-30,15:09:53,22,37
2566,2022-04-30,15:10:53,22,37
2567,2022-04-30,15:11:53,22,37
2568,2022-04-30,15:12:53,22,37
2569,2022-04-30,15:13:54,22,37
2570,2022-04-30,15:14:55,22,37
2571,2022-04-30,15:15:55,22,37
2572,2022-04-30,15:16:55,22,37
2573,2022-04-30,15:17:55,22,37
2574,2022-04-30,15:18:56,22,37
2575,2022-04-30,15:19:56,22,37
2576,2022-04-30,15:21:02,22,37
2577,2022-04-30,15:22:02,22,37
2578,2022-04-30,15:23:02,22,37
2579,2022-04-30,15:24:02,22,37
2580,2022-04-30,15:25:02,22,37
2581,2022-04-30,15:26:05,22,37
2582,2022-04-30,15:27:05,22,37
2583,2022-04-30,15:28:06,22,37
2584,2022-04-30,15:29:09,22,37
2585,2022-04-30,15:30:09,22,37
2586,2022-04-30,15:31:09,22,37
2587,2022-04-30,15:32:09,22,37
2588,2022-04-30,15:33:10,22,37
2589,2022-04-30,15:34:10,22,37
2590,2022-04-30,15:35:13,22,37
2591,2022-04-30,15:36:13,22,37
2592,2022-04-30,15:37:13,22,37
2593,2022-04-30,15:38:14,22,37
2594,2022-04-30,15:39:14,22,37
2595,2022-04-30,15:40:14,22,37
2596,2022-04-30,15:41:14,22,37
2597,2022-04-30,15:42:17,22,37
2598,2022-04-30,15:43:17,22,37
2599,2022-04-30,15:44:17,22,37
2600,2022-04-30,15:45:17,22,37
2601,2022-04-30,15:46:17,22,37
2602,2022-04-30,15:47:18,22,37
2603,2022-04-30,15:48:14,22,37
2604,2022-04-30,15:49:12,22,37
2605,2022-04-30,15:50:12,22,37
2606,2022-04-30,15:51:21,22,37
2607,2022-04-30,15:52:21,22,37
2608,2022-04-30,15:53:21,22,37
2609,2022-04-30,15:54:24,22,37
2610,2022-04-30,15:55:24,22,37
2611,2022-04-30,15:56:24,22,37
2612,2022-04-30,15:57:24,22,37